Folder,Most Common Unicode,All Tesseract Outputs
Sample001,ಅ,"ಅ,೨,ಲ,/,೨),ಅ,ಅ,ಆ,ಅ,ಆ),ಆಂ,ಅ,೨),ಕು,ಅ,೮),ಆಅ,ಅ,ಅ,ತ್ರ,ಅ,ಲ,ಕ,ಆ,೪"
Sample002,ಆ,"ಆ,ಈ,(6,ತ,ಆ"",ಆ,ಆ,ಕೆ,೨,೮,ಅಂ,ಆ,ಆ,ತ,(ಈ,0,ಲ್‌,(5,ಸ್‌,ಅ,ಅ,ಛೆ,೮ ್‌,ಲ್‌,ಟ್ರ"
Sample003,|,"""ಜೆ,|,ಕ್ಲಿ,""ಆ,8,(7,ಜ.,ಣೆ,ಲ್ಲಿ,|,ಆಲ್ಲಿ,""ೌ,ದ,೦0,""6,ಕ,/,4,""ಆ,“0,ನ್ನ,0.,""ಜಿ,1,ಅ"
Sample004,ಈ,"ಈ,ಷ್‌,ಸ್ಯ,ಈ,ಲ್ರ,ಈ,ಕ್ರ,ಗ್ರಃ,ದ್ರ,ಈ,ರ್ರ,ಈ,ಈ,ಡ್‌,ರ;,ಈ,ಡ್‌,ರ;,ಲೀ,ಠಃ,ದ್ಯ,ಈ,ಶ್ರಿ,ಈ,ಸ್ರ"
Sample005,ಕ,"ಉ,ಊ,ಓಗ್ರಿ,ಓಗಿ),(ಊ,ಊ),೨,ಉಊ,ಕೆ,81,ಕ,೧,ಉ,2,ಕ,ಲು,(ಗ,ಉಗ.,ಕ,0,ಕ,೬.,0,(ಗಿ,ಊ"
Sample006,ಊ,"0,(/[/ವಿ,ಊೃೈ,ಗಲಿ,ಗೂ,ಊ,(೧0,ಊಂ,೨,ಊಂ,ಗ,(ಗ್ರ,ಊ,ಲೂ,ಊಊ,ಊಂ,0,(9೨,ಕ,ಕ.ಸ,ಊ,ಊ,೧ಫ,ಊ,ಗ"
Sample007,ಯ,"ಮಯ,ಖಯ,ಯ,ಖು,ಯ,ಯ,ಯ,ಖು,ಮಖ,ಮು,ಖ.,ಬ,ಖು,ಯು,ಯ,27,ಯ,ತಿ,ಯ,ಯು,ಯು,ಖಯ,ಯ,ಯಿ,ಇ"
Sample008,ಖೂ,"ಮು,ಖೂ,ಯೂ,ಖೂ,ಖೂ,ಮಯೂ,ಬೂ,ಯೂ,ಖೂ,ಯೂ,ಯೂ,ಯೂ,೦,ಖೂ,ಬೂ,ಯ,ೂ,ಆಯಾ,ಎ),ದೂ,ಮಿ,2),ಬೂ,ಕ್ರುೂ,ಖೂ"
Sample009,ಲು,"ಲು,ಅವಿ,2,ಡಾ,ಲವ,ಲು,ಲಲಿ,ಲು,ಆಂ,ಲು,ಆವಿ,ಲು,ಲ,ಲಲಿ,ಲ್ಪ),ಲು,ಲು,ಲ,ಎ,ಲು,ಲು,ಲು,ಲು,ಲ೨ಿ,ಲು"
Sample010,ಲು,"ಲು,ಲು,ಕ,ಎ,ತಾ,5,ು,ವು,ರು,ಶಾ,ಲವಿ,ವು,ಲಿ,ಖು,ಜಿ,ಲಿ,ಎ,೦,1,ಲು,ತ,ಬ,ಶು,ು,ಲು"
Sample011,ಲು,"ಟಿ,ಓ),ು,30,,ಗ್ರ,ು,ಲು,""ಪಿ,ಲು,ಆ),(,೪),ಲ,ಲು,ತ,ಪ,೨,ಉು,ುು,ಖು,ಶಿ,೨,೦೨,೨,ವಿ"
Sample012,ಓ,"ಓ,(,ಓ,ಲ,ಓ,ಕ,ಒ,[ಕೆ,ಓ,ಓ,ಯ,ಓ,ಗ,ಓ,ಓ,ಲ,ಓ,(ು,ದ,,ಗ,'ಊ,ಗಿ,[|,ಗ"
Sample013,ಓ,"ಬ,ಓ,2,ಓ,0,[ಗ,ಓ,ಓ,ಗ್ದ,[ಗೆ,೫,ಗ್ರ,ಕ,ಓ,ಗ್ರ,ಲ್ಸ,,ಬ,1,ಳ್ಳ,ಬಿ,ಗ್ಸೆ,ಓ,(6,ಲ್ಭ"
Sample014,ಓ,"ಗ್ರ,೫,ಓ?,ಗ್ರ,0,ಓ,ಓ,ಸ್ಸ್‌,ಕ್ಷ,ಶು,ಗ್‌,ಬ),ಓ',ಬ,2],ಲ್ಸ,ಶ್‌,ಓ,ಶ್ಚ,ದ,ಬ,ಠಿ,ಬೆ,25,ಬ"
Sample015,ಅಂ,"ಅಂ,ಅಂ,(೨೦,ಅಂ,೨೦,ಉಂ,ಅಂ,(0೦,ಅ.0,ಆಂ,ಅಂ,ಅಂ,ದಂ,ಟಿ,0೦,೨0,ಅಂ,ಆಂ,ಕೆ,ಅಂ,(೨೦,೨೦,(೦,ಆಟ,ಅಂ"
Sample016,೨,"2,ಅ.,೨,4೨,(೨2,೨,ಅ,1,೨:,ಕುಂ,ಲ,,ಈ,0,ಅಃ,8,(೨:,೮):,ಲ,7,ಅ$,(೨,೨:,ಅ॥,೨.,(೨"
Sample017,ಷ್‌,"ಥೆ,ಾ),ಜ್‌,ಷ್‌,ಘ್‌,ಘ್‌,5,ತ್‌,ರ,ಗ,ಕೆ,ಕ್ರ,ತ್ರ,ಷ್‌,ತ್‌,ಷ್‌,ತ್‌,ಕ್ವ,ತ್ರ,ಶ್‌,ಡ್‌್‌,ಕ್‌,ಈ,ಈ,ಷ್‌"
Sample018,5,"ಡ್‌,ಸ್ಯ,ಇ,ಕ್ರ,5,ಸ್ರ,ತ್ರ,ಷ್ಟ,ಠ್ರ,ಷ್ರ,ಕ್ರ,5,5,ತ್ರ,ಘ್ರ,ಸ್ರ,ತ್ರ,ಕ್‌,ಹ,ಈ,ಷ್ಠ,ಷ್ರು,ನಾ,6,ಗ್ರ"
Sample019,5,"3,54,೫),5,ಆ,ಡಾ,ಡಾ,ಸ್‌,8,1,ಡ್ಯ,ಕಂ,ಇಷಲಿ,ಶು,5),5,ಥ್ರ,ರಂ,6,54,ಆ,5,ಕು,ಈಂ,ತ್ರ"
Sample020,5,"5,6,ಗ್‌,5,5,ಕ,ತ,ಕೆ,ಕ,”,ಅ,ಹಿ,ಿ,8,5,ಡಾ,5,5,ಷಿ,“,ಫ್ರಿ,ರ,ಬ,“ಗಡ್‌,ಇ"
Sample021,5,"5!,“(,ಆಳೆ,ಸ
ಈ.,ಹೀ,*?,೬,ಈ.,ಶ್‌,1,“ಡೆ,೬%,ಗಾ,೦?,4,6,5,ಕೀ,ಗೇ,ಔ&,5,8.,ಜೀ,ಅ(,೬1"
Sample022,ಸು,"ಹು,ಕ್ರ,ನ್ಟ).,ಸು,ದ್ರ,ಷು,ಡು,ಸ್ಪ,ನ್ದ,ಕು,ಸು,ಕು,ಸು,ಸ್ಸ್‌,ಷು,ಪ್ರ,ತು,ದ್ರ,ಸು,ಸ್‌,ಷು,ಕು,ಶು,ಹು,ತು"
Sample023,ಕೂ,"ಗ,ಕೂ,ತೂ,ಷೂ,ನೂ,ಕೂ,ಈ,ಘೂ,ಕೂ,ಷೂ,ಕೂ,ಡೊ,ಠೂ,ಶೂ,ತ್ರಲೆತಿ,ಹೂ,ಸ,ಶೂ,ತೂ,ವಿ,ತೂ,ಗ,ಶ್ರ,ಎದ್ನಿ,ಇದ"
Sample024,ಕ್ರ,"ಈ,ಸೃ,ಕ್ಸ,ಕ,ಸ,ಕೃ,ಹೃ,ಕ್ಬು,ಕ್ರ,ಕ್ಭು,ಕ್ರ,ತ್ಭು,ಬ್ರ,3,ಸ್ರ,ದೃ,ಸ್ಭ,ಸ್ಭ,ಪ್ರ,ಸ್ಟ,ಸ್ಸ,ಕ್ತ,ಕ್ಸೃ,ಸ್ಯ,ಸ್ರ"
Sample025,ಕ್ಸ್‌,"ಕ್ರ,ಕ್ವ,ಕ್ವ.,ಷ್ಟ,ತ್ತ್ಲ,ಸಃ,ರ್ಶ,1,ಕ್ಸ್‌,ಗ್ರ,ಕಾ,ಸ,ಸ್ಟಾ,ಕ್ಟ,ಕ್ಫ.,ಕ,ಸ್ಟ್ರಾ,ದ್ರ,ಸ್ಥಾ,ಕ್ಟ,ಷಾ,ಸ್ಟ್ರಾ,ಸ,ಪ್ರ,ಕ್ಸ್‌"
Sample026,ಶ್ರ,"ಗ್ರ,ಕ,೫,ತ್ರ,ಶ್ರ,ಸ್ರ,ಸ್ತ”,ಸ್ರ,ಹ್ರ,ಶ್ರ,ಷ್ರು,ತ್‌,ಕ್‌,ಪ್ರ,7,ಶ್ರ,ಥ್ರ,ಎಷ್ತ,ಷ್ರ,ತ್ರ,ಕೌ,ಶ್ರ,ಗ,ತ್ರೆ,ಕ"
Sample027,ಈ,"“,ಠ(,ಈ,ಸ್ರ,ತ್ರೀ,ಡ್ಯ,ಫೀ,ಸ್‌,ಸ್ತೇ,ಸೀ,ಕೀ,ಸ,ಕೇ,೫,ತ್ರ,5,ಕೇ,ಶ್‌,೫!,ಈ,5,ಫ್ರೀ,4,1,ಗ"
Sample028,ಸ್ಟ,"ಕ್ಸ,ತ,ಕ್‌,ಸ್ಟ,ಥ್ಟ,ಸ್ವ,ಸ,ಸ್ಟ,ತ್ಯ,ಶ್ರ,ಕ್ರಾ,ೆ,ಶ್ರ,ರ್ಮ್‌,ತ್ಳ,ಸ,ಕ್ರ,ತ್ರ,ಕ್ಭಿ,ಷ್ಟು,ಕ್ಟ,ಸ್ರ,ಲ್ಭ,ಕೆ,ಸ್ಪೈ."
Sample029,ಕೂ,"ಸೂ,ಶೂ,ಗೂ,ಪ್ರ,ಕೂ,ತೊ,ಕೂ,ಕೂ,ಸೊ,ತ್ರೂ,ಸಾ,ವ್‌,ಕೂ,ಕೂ,ಸೂ,ತೂ,5,ದೂ,ಕೂ,21),0),ಶೂ,ಸಾ,ಸೊ,ಸೂ"
Sample030,ತೋ,"ತೆ,ಕೋ,ಫೊ,₹0,ಕೂ,ಸ,ತೋ,ತೋ,ಕ,ಸತ,ಶೂಃ,ಜೊ,5,10೫,ಕ್ರೋ,ಟೆ!,ಗೋ,ಜೂ/,ಶೂ,11,ಶೋ,ಕೂಸೆ,ಸ್ಪ),ತೂ,ನೂ"
Sample031,ತ್‌,"ಸ್ಪ,ತ್ತ,ಡಾ,೫,ಔ|,ತ,ತ್‌,೬,_),ಷ್‌,ನ,ಷ್‌,5,ಹ್‌,ಷಃ,ತ್ರಾ,ಘಾ,ಈ,ಡ್‌,ಶೆ,ತ್ಕ,ಕ್‌,ತ್‌,್ರತಿ,ಕ್ರ್‌"
Sample032,ಸಂ,"5್ರಂ,ಗಂ,ಸಂ,ಸಂ,ಠಂ,ಕಂ,ಔ0,೫1,5ಂ,೫0,ಹಂ,ಷಂ,ಹಂ,ಎ,ಹಂ,ತಂ,ಸಂ,ಹಂ,ಸಂ,ಶಂ,ಸ,ಶ್ವ,ಫ್ರಂ,ಕ,೫"
Sample033,ಕಃ,"ಷಸ,ತ:,ಡಕ,ಗ;,ಸ್ತ,ಹಃ,ಕಃ,ತಃ,ಕಃ,ಹ;,ಹ;,ಕ,ಹ:,ಡ್ರಾ,ಸ್ರ,2
_ಓ.. ಭಖ
(14,ಈ,೫:,8:,ಶ್ರೇ,ಈ,ಷ್ಟ,ತ್ರ,ಶ್ರ,೫ಃ"
Sample034,ಖ್‌,"ಬಜ,15,೩೨,ಲ”,್‌,ಖಿ,ಆ),ಖ್‌,೫,ಖ್‌,೩),97,ಖೆ,ಶು,ಖ್‌,2೫,ಯ್‌,೨2,ಮ್‌,ಮ್‌,ಆ,ಹ,ಖ್‌,ಣೆ,95"
Sample035,ಯ,"೦ಬಿ,ಂ),೫,ಖ,೦,ಲ,೨,0,ಮಖ,ಯ,ಲಿ,ತ್ರೆ,4),೦೨,0ಬಿ,0),ಮಿ,ಯ,೫.),ಖು,ಯಿ,ಜಿ,೦೨,ಊ,ು"
Sample036,ಯಾ,"ಯೌ,ಯಾ,೦,ಯಾ,ಆ)!,ಯೌ,""7,।,95೨),ಶಿ,ಖಿ),02,ಆ),ಯಾ,೨),`ೆ,೦ಬಿ.,ಯಕ,“೨6,ಯಾ,೨೨,920,290,ಊ,ಯ"
Sample037,ಎ,"ಲು,ರ),ಖು,ಎ,ಆ),ಯ,೧),0೭೨),ಎ,ಖ,ವ,ಮಿ,೨,೫),ಶಿ,0೨,ಆಟಿ,೨,೫೨,ಖಿ,ಆ),ಸಿ,ವಿ,೩),00"
Sample038,8೨(,"8೨(,೫.,%,೨),ಖಿ,ದ ಕೆ,೧೫,ಆ),12),೫೨(,ಸ!,ವ),ವಿ೨(,ಬ,22೨,೨೨!,|,೦೨,೨,03"",2,1,ೀ,8,೦"
Sample039,ಯು,"ಯ),೦೨,ಯು,ಯ,ಖು,ಯು,ಯಿ,0,ವ,ಖು,ಜು,ಮಿ,ಇ),ಖು,ಜಿ,೫),ಬ,೦೨,೨2,ಬು,ಯ,622,ಎಬ),ಯು,222"
Sample040,ಯೂ,"ಯೂ,ಯ,00,ಯೂ,ಖೂ,ವಿ೨,ಯೂ,ಬೂ,0),ಖೂ,೨,ಆಗಿ,ಖೂ,9,ಯ,೧,ಲೂ,ಮಿ,ಖೂ,ಜ/೨,ಬು,ಯೂ,೨೨1),(ಎವಿ,2"
Sample041,ಯಿ,"ಗ),ಯ),ಯ್ಭಿ,ಯ್ಭ,0),ರು,ಅ,ಎ),ಆ),ಲ,""ಯಿ,೫,ಯ್ಸಿ,ಯೈ,ಡ್ಬು,0),ಆ),ನ್ಬಿ,ಲಿ,ಯಿ,ಲಖಿ,ಯ್ಭಿ,ಯಿ,ಯ,ಯಿ"
Sample042,ಯಾ,"ಯೂ,ಲ,ಯ್ಭಿ.,!,ಖ್ತ್‌,ಖ್‌,ಯಾ,ಯ್ಚ್ಲೆ,ಖಾ,ಯ್ಯ,ಯಾ,ಈ,ದ್ಯ,ಆ,ಮಖ,0,ಅಭ,ವಿ),2,ಯೈ.,ಯ್ಯ,ಖ್ಪ್ಸ್‌,ಖಾ,೫,ಜಸಿ"
Sample043,ಖೆ,"ಈಶ],ಖಿ,ಖೆ,೫,ಮಖ,ಖೆ,೫,೩),ಯ,2,ಹು,ಶನ”,ಖೆ,ಯ,೫,ು್‌,ಅ,2,ಖು,ಖ,ಜೆ,ಖಿ,ಖ,೩”,ಯ"
Sample044,2೫,"ಬ,2೫,೫೭,ಖೇ,95”,;,ಖೇ,೩೫1,ಖೆ,೫!,6,೧೫%,೫,ಖೀ,ಖ್‌,ಮ,2೫೪),ಯೇ,೨,2೫,3,೫,ವಿ7,೫%,ಯೇ"
Sample045,ಖ್ಯ,"ಬ್ಛ,ಖ್ನ,ಖಿ,ನದ,ಖ್ಯ,ಖ್ಛ,ಖ್ಯ.,ಜ್ಯ,ವ್ರ,ಖು,ಖ್ಛ,ಬ್ರಿ,ಯ್ರೆ,ಖ್ಯ,ಡಿವ್ರ,ಖೃ,ಖ್ಯ,ಸ್ಧೆ,ಖ್ಛ್ರ,ಲ),ಜ್ಯಾ.,ಖ್ಳಿ,ಖ್ಯ,ಯ್ದ,ದ್ರಿ"
Sample046,ಖೂ,"ಸೂ,1,ಖೂ,ಬೂ,ಮೊ,22,ಖಾ,ಬೂ,ಬೂ,ಖೊ,ಯೊ,ಖೂ,ಮೂ,ಬೂ,ಖೂ,ಖೂ,1,ಯೂ,ಬೂ,ಖೊ,೫,ಬೊ,ಯೊ,ಖೂ,ಖೂ"
Sample047,ಖೂ,"ಖೂ),ಹೂ,0(,2,ಖೊ!,ಖೊ.,ಸೂ,ಖಯ,ಖೂ,1,ಯ,ಖೂ,ಖೆ,ಖೋ,ಖೂ,ಖೋ,ವ!,ಯ,ಮಖ,ಯೂ,2೧(,ಯೋ,ಬೂ,ಖೋ,ಮೂ"
Sample048,ಖ್‌,"2,9,೩,ಖ್‌,ಖ್‌,ಖ್‌,ಖೆ,ಖಿ,ಖ',೨8,“ು್‌,0,ಖೆ,೩,ಖ್‌,,೫.,23,ಖೆ,ಖಿ,೩),ಖ್‌,ಖಿ,3,ಠಿ"
Sample049,ಖಂ,"೫೦,(0),ಯಂ,0,ಚಿತ್ತ್ನಕ್ಕಿ,ಟಂ,ಯಂ,ಖು),00,ಯ(,0,ಖಂ,ಯಲ,ಖಂ,೨೦,20,ಯ,ಕ,ಎಂ,“)),ಜಿಟಿ,೦,0೦,ಖಂ,೫2೦"
Sample050,೫,"ಖಿ,೫,ಯೌ,1,006,ಆ:,0.,೪,0ಬಿ,೨,೫,ಯೆ,೫1,ಟಃ,ಆ)6,೨0,ಯ),೨0,ಲ,ಯಿ.,೦,ಮಿಃ,ಯಸ,0.),೨೭"
Sample051,ಗ್‌,"ಡ,02,ಜ,(5,ಗ್ಕ್‌,7,(,ಗ್‌,ಗ,ಗ್‌,5,ಗ್‌,ಗ್ಗ್‌,ಗ್‌,ಗ್‌,ಗ,ಗ್ಗ”,ಗೆ,ಗ್‌,ಗ್‌,7,7,ಗ್ಕ್‌್‌,ಗ್‌,ಗ್‌"
Sample052,ಗ,"ಗ,ಗ,ಗ,೨,ಗೆ,ಗ,ಗ,ಗ,7,(],ಗ,ಗ,ಗಡ,ಎ.,ಗ್ಯ,ಗ್ಕೆ,181,ಗೆ,ಗ,ಗೆ,ಗ,ಗೆ,ಗ್‌,7,7"
Sample053,ಗಾ,"(14,[0,ಗೌಕಿ,1),ಗಿ,7)0,(|,ಡು,(0,ಗಿಂ,||,ಗಾ,ಓಂ,ಗತಿ,ಗ್ಶ್ನೆ,ಗಾ,(|,ಗಾ,ಗ,ಗಸ,ಗಾ,ಗ,ಲೆ,ಗ,ಂ"
Sample054,ಗಿ,"ಗಿ,ಗ,ಗಿ,(ಸಿ,1],ಗಿ,[್ಶ,ಗ್ಕಿ,೧,ಗಿ,ಗೆ,7,ಗ್ಶಿ,(|,(),(),ಗಸಿ,(,೨,|),ಗಿ,ಗ,“1,೧,ಗಿ"
Sample055,ಗ,"7೧,ದೀ,ಗಿ,|,(ಸಿ|,ೀ,"",""ಗ,ಗೆ,ಗಿ,ಗ,ಓ,ಗಿ!,ಗ,ಗಿ,ಗ,`,[/,ಗೀ,ಗ,ಗ,ಗ,(|,ಲ,ಗೀ"
Sample056,ಗು,"ಗ್ಗ,ಗು,ದು,ಗು,ಗು,ಗ್‌),ಗು,ಗೆ,ಗು,ಗ್ಗ,ಗು,ಗು,ಗು,ಗು,ಗ,ಗೆ,ಗ,ಗು,ದು,ಗು,ಗು,ಗ,ಡೆ,ಗ್ಭು,ಗ"
Sample057,ಗೂ,"ಗೂ,ಗೂ,ಗ,ಗೊ,ಗೊ,ಗೂ,ಗೂ,ಗೂ,ಗೂ,ಗಿರಿ,ಗ,ಗೂ,ಗೂ,ಗೂ,ಗೂ,ಗೂ,ಗೂ,2.,ಗೂ,ಗೂ,ಗಣ,ಗೂ,ಗೂ,ಗೂ,ಗೂ"
Sample058,ಗೃ,"ಗೃ,ಗ,ಗ್ಭ,ಗ್ಳು,ಗೈ,ಗ್ರ,ಗ,ಗೃ,ಗ,ಗೃ,ಗ್ಗ,ಲೈ,ಗೃ,ಣ್ಭ,ಗ್ಭ,ಗೃ,ಗೃ,ಗೃ,ಗ್ಭ,ಗೃ,ಗ್ಯ,ಗೃ,ಗೈ,ಗ್ಗ,ಗೃ"
Sample059,ಗೃ,"ಗ್ಬ್ಗ,ಗ್‌,ಗೃ,ಗ್ಫೆ,ಗ್ಗ”,ಗೃ,ಗ್ಗ,ಗಾ,ಗೃ,ಗ್ಯ.,ಗ,ಗೂ,(,ಗ್ಕ,ಗೂ,ಗ್‌,ರೈ,ಗ್ಕ,ಗ,ಗ್ಭೂ,[ೆ,ಗ್ವಃ,ದಾ,ರ್ಗ,ಗ್ವಾ"
Sample060,ಗೆ,"ಗ,181,ಗೆ,ಗೆ,ಗೆ,ಗೆ,ಗೆ,ಗ್‌,ಗಿ,61,ಗೆ,ಗೆ,ಗ,|,ಗ,ಗೆ,ಗ್‌,(ದ,ಗ,ಗ್ಗೆ,ಗೆ,ಗ್‌,ಗ್ಗ,ಗೆ,ಗೆ"
Sample061,ಗ,"1,ಗೇ,ಗ,ಗೆ,ಗ್ಗ,ಗ್ಗ,ಬ),ಗೀ,74,ಗ್ಗ,ಗ,ಗ,ಗೇ,ಗ,ಗೆ!,ಗ,ಇ.,ಗ್ಗ,ಗೇ,ಗೆ,ಗ,ಗಃ,ಗ್ಗ,ಗೆ,|"
Sample062,ಗ್ಯ,"ಗೆ,ಗ್ಗ,ಗ್ಯ,ಗ್ಯ,ಗ್ಗೆ,ಗ್ಯ,ಗೈ,ಗೈ,,ಗೃ,ಗ್ಯ,ಗೈ,ಗ್ನ್ದ್‌,೪,ಗೃ,ಗ್ಟಿ,ಆ,ಗ,ಗ್ದ,ಗ್ಸ,ಗ್ಪು,ಗ್ಭ,ಗ,ಗೃ,ಗ್ಫ,ಗ್ವೆ"
Sample063,ಗೂ,"೧,ಗೊ,ಗೂ,ಗೂ,ಾ,ಗ,ಗೂ,ಗೆ,ಗೂ,ಗೂ,ಗ್ದ),ಗೊ,ಗೊ,ಗೊ,ಗೂ,ಗೂ,71),ಗೊ,ಗೂ,ಗೂ,ಗೂ,ಗೂ,ಗೊ,ಗೊ,ಗಣ"
Sample064,ಗೂ,"ಗ,ಗ,ಗೊ?,ಗಾ,ಗೂ,ಗಃ,ಗೂ,71,ಗೊ,ಗೂ,ಗು,ಗೋ,ಗ,ಗೊ,1,ದೂ,ಗೂ,ಗ್ಗ!,ಗೋ,ಗೆ,ಗೂ,ಗ,ಗೋ,ಗೋ,ಗೋ"
Sample065,ಗ್‌,"ಗ್ಗ,ಗೆ,ಗ್‌,ಗ್‌,ಗೆ,ಗ,ಗ,ಗ್‌,ಗ,ಗ್ಗಾ,ಗ್‌"",ಗ?,ಗ್ಗ,ಗಟ,7,ಗ್‌,77"",ಗ್‌"",ಡ್‌,ಗ,ಗ,ಗ್‌,(ಕ,ಗ),ಗಸ"
Sample066,ಗಂ,"ಗು,ಗಂ,ಗಂ,ಗ,ದಂ,ಗಂ,ಗೆಂ,ಗಂ,ಗಂ,ಗಂ,ಗಂ,ಗಂ,ಗಂ,ಇ.,ಗರ,ಗಃ,ಗು,ಗ್ಗ,ಗಂ,ಗ೦,ಗು,ಗ0,ಗಂ,ಗಂ,2."
Sample067,ಗಃ,"ಗೆ,ಗಃ,ಗ್ಗ,ಗ,ಗಃ,ಗಃ,ಗಃ,ರ್‌,ಗೆ,ಗ್‌,ಗಃ,ಗ,ಗಃ,ಗಃ,7;,ಗಃ,ಗ;,ಗಃ,ಗ್ಗ,ಗೃ,ಣಃ,ಗ್ಗ,ಣ್‌,ಗ,ಗಃ"
Sample068,ಲ್‌,"ಲ್‌,ಲಿ,ಛು,ಕ್ಲ,ಲ್‌,2,“೯್ರ್ರಲಿ
ಲ್ಲ,ಲ್‌,ಫ್‌,ತ,೫
ಲ,ಫ್‌,ಠ್‌,ಘು,ತ್ರ,ಲ,ಡ್‌,ಫ್‌,ಿೆ,ಜೆ.,ಲ್ಲಿ,ಡ್‌,ಈ,ಥೆ,ಕ್‌"
Sample069,ಪು,"ಸ್‌,ಜ್ರ,ಛಿ,ಪು,ಸ,ತ್ಸು,ಯ,ಲ್ಗ,ಲ,ತ್ಲ,ರ್‌
ು,ತ,ಪ್ರ,ಕ,,ಘು,ಕು,ಲ,ಕ,ಘಿ,ಪು,,ಧ,ಭಿ,ನ್‌"
Sample070,ಲ್‌,"4,ಥಾ,ಲೌ,ಆ,ಥಾ,ಲ್‌,ಡಾ,ಸ,ಆಸಿ,ಲ,ಆ,೫.,2,ಲ,ಲ್ವ್‌ ಲೆ,ಲ್ರ್ಬ)),೮%,೪,1,ಲು?,ಪಾ,ಲ್‌,ಲ್‌,ಲು?,ಾ"
Sample071,ಲು,"ಲಿ,ಛಿ,ಹಿ,ಲು,ಆ,ಲು,ಛ,ಲು,ಥಿ',ಹಿಃ,ಲ್ಲಿ,5,ಲು,ಛಿ,ಟಿ,ಹಿ,(ಸ,ಗ್ರ,ಓ,ಲ್ಲ,ಫಿ,ಛಿ,ಲು,ಪಿ,೪]"
Sample072,ಲ,"ಲ,ಸ,ಲ,ಲೀ,ಕ,೫,ಭಃ,ಲಿ,ಲ,೧ (,ಫಿ,೫,ಘಿ,ಫೀ,ಥಿ,ಲಃ,51,೮೫,ಬೀ,'(,ಯ,ಫ್ರೀ,ಠೀ,ಜೀ,ಫಿ"
Sample073,ಲು,"ಲ,ಲ್ಲ,ಭು,ಕ್ರು,ಲು),ಲು),೦,ಲಿ,ಲು,3],ಸು,ಘು,ಘು,ಘು,ಫೆ,ಲು,ಫೃ,ಸು,)),ಯ,ಲು,ಥು,ಛಃ,ಫು,ಫು"
Sample074,ಘೂ,"೫,ಭೂ,ಘೂ,ದೂ,49,ವೂ,ಜು),ಮೂ,ಘೂ,ಘೂ,ಥೂ,ಲೂ,ಲೂ,ಲೂ,ಕಾ,ಘೂ,ಛೂ,ಮೂ,ಳೂ,್ಲ,2,ಫೂ,ಲೂ,ಬ್ಗ,ಫೂ"
Sample075,ಫು,"ಯ,ೆ,ಕ,ಲು,ಭು,ಚ,ಲ್ಫು,ಯು,ಭ್ಸ,ಭೃ,ಕ್ಸು,ಲ್ಲ,ಫು,ಕೆ,ಫು,ಪ್ಲ,ಲ್ಸ,ಲ,ಛ್ಫೆ,ಘ್ಬ,ಲ್ಲೇ),ಫ್ರಿ,೫),ಡ್ಪು,ಫಿ"
Sample076,ಫ್ಳ,"ಫ್ಳ,ಲ್ಯ,ಧ್ಜ್ದು,2,ಯ,ಪ್ಲ,೩,ಥಃ,ಲ್ಲ,ಕ್ಕು,ಸ್ಸ,ಫ್ರಿ,ಲ್ಲಾ,ಲ್ಸ,ಹೂ,ಘ್ಲ,ವ್ಪೂ,ವ್‌,ಫೆ,ಯಾ,ಲಿಸಾ,ಮು,ಲ,ಪ್ರ,ಭಾ"
Sample077,ಲು,"ಪು,ಭಿ,ಥಿ,ಕ”,ಗ್ರ.,ಘ್‌,ದೆ,2,ಲೌ,ೆ,ಲು,ಛಿ,5,ಲು,ಹ,ಲ,ಘೆ,ಲ್ಪ,ಯಿ,ಲಿ,,ಛೆ,ಕ,ಕು,ಜು"
Sample078,ಪೀ,"ಈ,ಪೀ,ಫೀ,ರ,ಬ,1,ಪು?,ಫ,ಪೀ,ಕು,ಘಃ,೫,ಫೀ,ಲ,ಫೀ,ಠೀ,1,5,ಗ್ಗ,ಲ್ವ?,ಜೆ,(/,ಪೀ,ಇದ,ಸೆ"
Sample079,ಸ,"ಕೆ],ಬ,ಸ,ವ್ವ,ಲ್ಲ,ಫು,ಧ್ಸಿ,ವ್ಛಃ,ಲ್ಸ,ಲ್ಲ,ಪ,ರ್ಲು,ಲು,ಲ್ಲ,ಲ್ಭ,ತ್ಲ,ಲ್ಲೇ,ಗ,ತ],ಕ,ಸ,ಸ,ಯ,ಲು,ವಃ"
Sample080,ಲೂ,"ಆ,ಖೂ,ಪೂ,ಲೂ,ಯೂ,10,ಯೈ,ಲೂ,ಲು,ಹೂ,ಘೊ,ಕೂ,ಯಾ,ಛು,ಭೂ,ಜೂ,ನೂ,ಲೂ,ಪೂ,ಘಿ,ಯಾ,ಕೂ,ಭೂ,ಥೂ,ಲೂ"
Sample081,ಸೋ,"ಚೂ,ಸೋ,ಟೂ,ಲೂ!,ಪ್‌,೫.,ಶೂ,ಶೆ
ಸ,ಸೋ,ಖೋ,ಪೂ,ಸೂ!,೫,ಭೂ,ಲ,ಲೊ,ಲೋ,ಪೂ,ಫೂ,ಯು,ಸ,1,1,ವೋ,ಫೊ"
Sample082,ಘಿ,"ಲೆ,ಲ,ಸ,ಥಿ”,ಸು,ಫ್ಸಕಿ,ತ,ಘಿ,ಲ್ಲ,ಹ್‌,ಫ್‌,ಕ,',2,(ಶ್‌,ಢಿ,“6
ನ್‌,ಪು”,ಘ್‌',ಘಿ,ಫಿ,ಘ್‌,ಫ್‌,ಲ್‌”,ಹಸ"
Sample083,ಲು,"ಲು,ಔಂ,ಕ್ರ,ಲಿಂ,ಘಃ,ಗ,ಘಂ,ಘಂ,ಪಿಂ,1?,ಛಂ,೦,ವಂ,ಸು,ಪ,ಕ,ಘಃ,20,ಲು,ಉಂ,ದಂ,ಲು,ಲಂ,ಲ,ಘಂ"
Sample084,ಲು,"ಆ
ಎ,ಪ,ಲು,1
0,ವಃ,ಕಃ,ಗು
೦,ಘು$ೌ,ಶ್ರ”
ಲಯ,0,ವೆ,ವಃ,ಕಿ,ಲ,ಘಃ,ಘಃ,0,ಬಃ,ಕಃ,2,ಪಃ,ಲು,2,್‌ೆ
ಲಂ,ಲ"
Sample085,ಜ್‌,"ಜ್‌,ಚ,ಶ್ರ,ಜ್‌,ಜಿ,""ಸ್ಪ,ಲ್‌,ಸೆ,ಗ್ದ,ಗ್‌,ಗ್‌,೫,ಬಿ,`,೯,ಹಿ,ಛ್‌,ಡೆ,೫,ಬ್ರ,ಜ್‌,""ಇ.,30,ಬಿ,ದ"
Sample086,ಓ,"ಓ,ಇ,ಕ್ಸ,ಹು,ು,ಳು,6,ಜೀ,ಓ,ಬ,ಗ್ರ,ದ,ಗಿ,ಬ,ಓ,ಓ,ಸ್ರ,ಶ್ರ,ಇ.,""ು,6,ಗ,ಬ್ರಿ,ಬ,ಓ"
Sample087,ಬು,"ಬು,ಓೌ,ಓಂ,ಬಳಿ,ಜಾ,್ಬ್‌ಕಿ,ಓ""4,ಓ್ರ,,ಓ,ಬಕಿ,ಓ”,೪4,ಇ,ಓ0ಾ,12,ಓ),ಕಿ,ಬ,ಜಟ,ಓ|,ಸ್ಪ,ಬ್ರ],ಓತಿ,0ಎ,ದ"
Sample088,ಜೆ,"ಕ,4,ದ್ರ,[',ಜ್‌,ಜೆ,ಬ,ಬೆ,ಜೆ,ಛಿ,ಸ,೧,ಹೌ,ಇ,ಡಿ,೫,ಗ್ರ,ಡೆ,ಡಿ,ಗು,ಬಿ,ದ,0,ದೆ,ಜೆ"
Sample089,2,"4,2,2,ಬ,7/,ಗ,೫,ಸೇ,೫,ಬೀ,ಬೀ,ಜೀ,ದ,ಸೀ,%,ಗ!,ಜ,ಜಃ,ದ್‌,ಜೇ,ಔ್‌ೆ,6,ದೀ,ಡೆ,೧5%"
Sample090,ಬು,"ಟ್‌,ಬು,ಬು,ಓು,೩),ಬು,ಬು,ಪ್ರ,ಓ೨),ಬ್ಪ್ಪಿ,2,ಜು,ಲ,ದು,ಗ),ಹ),ದಿ,೭),ಗ,ಬ,ಬು,ಬು,ಓ,೨,ಬು"
Sample091,ಬೂ,"ಓೂ,ಬೂ,ಬೂ,ಬ,ಬೂ,ೂ,ಬೊ,ಓೂ,ಬೂ,ಜಾ,ೇ,ಲ,ಓೂ,ಬೂ,0,ಬೂ,ಬೂ,0,ಬೂ,ಬೂ,ಓ,ತಿ,ಓೂ,ಲಂ,'ಬೂ"
Sample092,ಬೃ,"ಓೃ,ಬ್ಚಿ,ಬ್ಬ,ಸ್ಪ,ಲ್ಭ,ಓೃ,(ಲ),ಬೃ,ದಿ,ಬೃ,ಬ್ಪ್ರು,ಬ್ಬ,ಜ್ಳಿ,ಬ್ಬ,ರ,ಬೃ,ಟ್ರ,1,ಲ,ಸೃ,4,ಬು,ಬ್ಭ,ಲ್ಪ,ಬೃ"
Sample093,ಬಾ,"ಓ,ಯ್ಟ್ದ,ಬ್ಳ,ಬ್ಯಿ,ದ್ರಾ,(,ದ್ಭ,ಜ್ಬಾ,ಬೃ,ಬಾ,ಶಾ,ಬ್ಬ,ಓಕಾ,ಲ್ಛಾ,ಹ್ಫಿ್‌,ಬಾ,ದ್ರ,ಯ್ಯಾ,ಲ್ಭ.,ಬ್ಲೂ,ಸ್ಟ್ರಾ,ಓಕ,ಛ್ಸ್ಟ,ಬ್ರ,ಬ್ವ."
Sample094,ಇ,"ಐ,ಗು,ಔ,ಜ್‌,೫,ಇ,ಜಿ,`',0,ಗ,ದ,ಇ,ದ,ಶು,ಬ,_್‌,ಜು,72,2,ಗ,,ಇ,ಗ,ಜಿ,ಬ"
Sample095,ಜ್‌,"ಬ್‌,ಜ್‌,ಜೀ,ಗ,ಬೀ,(,೦,೦,೧,ಗೀ,೫,ನೇ,ಗ,ಜಬ,್ಥ,ಜೇ,ಜ್‌,|,ಜ್ಯ,ಹೇ,ಬ!,ದೆ,್‌ೆ,[,ಜೇ"
Sample096,ಸ್ಸ,"ಜ್ರ,ಬು,ಕ್ಕೆ,ಜು,ಎ,ಜ್ನ,ಸ್ಸ,ಜ್ಯ,ಸ್ಸ,ಜ್ಯ,ಹೈ,ಗ್ಗ,ಗಃ,ಬ್ರ,,1,ಬ್ಯ,ಬ್ಬ,``,ಶು,ಬ್ರ,ಕ್ಷ್ಸ,ಬ್ರ,ಬೈ,ಜ್ಸ,ಸೆ"
Sample097,ಜೂ,"ಡೂ,ಬ,ಬೂ,ಲ್ಪ,ಜೂ,ನ್ಮೆ,ಜೂ,1,ಓ0,ಡೂ,ಇೂ,ಬೂ,ಆ,ಜೈ,ಸೂ,ಬೂ,ಜೊ,ಜೂ,ಜೂ,ಭೊ,ಜೂ,ಜೂ,ಜಾ,ಬೂ,ಬೂ"
Sample098,ಜೋ,"ಜೋ,ಬ,ಷ್‌,ಓಣ,ಜೂ!,ಜೂ,ಗೀ,ಗೂ,ಓಂ,ಜ್ಯ,ಗೀ,ಜೊ,ಬ,ಬೊ?,್‌್ಸೀ,2,ಜೋ,ಬೂ,ಜಿ,ಜಾ,ಬೋ,ನ,ಜೂ,ಬೋ,೫"
Sample099,ಜೆ,"೫3,[_,""ಸ್ರ,ಸ್ಸ,ಜ್‌,ಜೆ,ಓತಿ,ಜ|,ಬ?,ಇ್ರ್‌್‌,ಜಿಂ,ಜ್‌,ಓ್‌,ಜೆ,ಜೂ,ತಟ,ಗ್ಪಿ್‌,[`,ಜ್ರ್‌,ನ,ಗ್ರ,ಡ್‌್‌,ಖು,ಜೆ,""_"
Sample100,ಓಂ,"ಓ,ಓಂ,ಔಂ,(0,ಬಿಂ,ಓಂ,[0,ಔಿ0,ಶ್ರಿ,ಓಂ,ಓ0,ಓಂ,ಬಂ,ಓ0,ಬಂ,00,7,ಿಂ,ಬಂ,ಜಂ,00,1,ಓಂ,ಓಂ,ಬಂ"
Sample101,ಔಃ,"(ಓ್ತಿ,ಔಃ,""ನಂ
0,ಬ$,ಔಃ,ಗಎ6,""ಬಃ,ಓಂ,ಬಿ?,ಇ,ಸಃ,ಬಂ,೫;,ಳೆ,ಓ.,೫8,ಗಂ
ಟಾ,ಓ8,ಬಿ:,ಉಕ,(ಕ,ಓಜ,$,ದ್ರಿ,ಔಓಿ್‌"
Sample102,ಚ್‌,"೭,ಚ,ಚ್‌,೧,ಚ,ಚ್‌,3,ಚ್‌,ಚ್‌,ಚ,ಚ್‌,ಚ್‌,ತ್‌,ತ್‌,ತೆ,ಚ್‌,ಚೆ,ಚ್‌,ಜ್‌,ಉತ್ರ,ಎತ್ತ,ಟ್‌,೧,ಜ್‌,ಚ್‌"
Sample103,ಚ,"ಚ,ಚ,ಗೆ,ಓತ,ಚ,3,3,೭5,ತ,ತ,ಲ,ಚ,ಚ,ಚ,ಸ್ತ,ತ,ತ,ಚಡ,ಚ,ಚ,ಸ್ತ,ಚ,ಲ್ಭ,1,ಜೆ"
Sample104,ಚಾ,"ಚಿಕ,ಚಿ,೧,ಸಾ,೭54,3),ಪು,93),ತ”,13),ಚಾ,5,ಡಾ,೩೬38,ಚಾ,ಪಿ,ಟಿ;,""ಟಿ,ಚೈ,೭34,ಚಾ,ಟೊ,ಚ),ಡಿ,ಚಾ"
Sample105,ಓತಿ,"ಓತಿ,ಟಿ,ಚಿ,ಅ,ಚಿ,ಓ3,೭,25,(3,(ಕಿ,೧ಿತ್ತಿ-,1,5,(3,(ಶಿ,ಡಿ,ಓತಿ,(ಹಿ,೧,ಬಿ,5,(ತಿ,೧೨,ಟ್ರಿ,4"
Sample106,ಚೀ,"ತಿ,ಚೀ,23,ಚೀ,(೬1,(3,೨ೀ,ಟಿ,(3,೭,ಡಿ,ಯ"",ಲ್ಭ.,(ತ,3],ತ್‌,23,೭!,36,ಡಿ,ಚಿ.,ಶತಿ,ತ್‌,21,9)"
Sample107,ಚು,"ಅತು,ಇ,ಚು,೧,ಯ,ಚು,ಚು,ತು,ಚು,ಜು,ಇತು,'ು,ಹು,ಚು,ತು,ಲು,ಚು,ಚು,ತ್ರ,13),ಚು,ತು,ಬು,ಚ,ಚು"
Sample108,ಚೂ,"ಬೂ,ಚ,೩೫0,ಚು,ಜೂ,ತು,ಸೂ,ಚೂ,ಚ,ಚೂ.,ತ್ರ,ಓ,ಉ,ಇೂ,ಚೂ,ಚೂ,೭,ಟಾ,ಚೂ,ತೂ,ಖೂ,ಜೂ,೧,ತೂ,03"
Sample109,ಚೃ,"ಜ್ಭಿ,ಚ್ವ,ಟ್ರ,ಸು,ಚೃ,ಷ್ಠ,ಚ್ಬ,ಸ್ಸ,ಚ್ಟ,ಚೃ,ಲ್ವ,ಇತ್ರ,ಚ್ಛಿ,ತೈ,ತೃ,ಚ),ಚ್ಛಿ,ಚೃ,(ಶೈ,1,ಚ್ಛ,ಚ್ಛ,ಇಸ,ಚ್ಛ,ಜ್ಛ"
Sample110,ಚ್ಚ,"ಚ್ಛ.,ಚ್ಚ,ಚ್ಞ.,ಚ್ಛಾ,ಚ್ವ.,ಓಪ್ರೌ-,ಚ್ಚ,ಚ್ದ,ಲ್ಭ,ಚ್ಛ.,ಚ್ಚ,ಚ್ಚ,ಟ್ರಾ,ಚ್ವ,ಚ್ಯ,ತ್ಯ,ಚ್ಯಾ,ಯ್ದ,ಚ್ಛಾ,'ಸ್ಯ್ಯಾ,ಚ್ಛಿ,ಚ್ಛ,ಊಸ್ಯಾ,ಚ್ಯಾ,ತ್ತ್ವ"
Sample111,ಚೆ,"ಚೆ,1,1,ತ,ಚ,೬,ಚೆ,ಲೃತ್ವ,ಲ್ವ,ತ,23,3,ಸೆ,ಚಿ,ಕ,ಚ,ದ್ರ,ತ್ತ,ಚೆ,೫,ಚ್‌,ಶತ,ಚೆ,ಚ,೩5"
Sample112,|,"ತೇ,|,(3(,|,ಚ(,೭3,281,13.,1,ಚೆ,31,ಲ,ಜೇ,ಚ್‌,5,5],೧,ಚೀ,251,ಔತ!,೭೫1,ಚೀ,೫,ವ,ಜೀ"
Sample113,ಚ್ಟ,"೧ಿತ್ರಃ,ಚ್ಚ,ಯ,ಟ್ಭ್ರ,೦,ಚ್ಛ,ಟ್ರಿ.,3,ಇಚ.,ತು,ಹ,ಚ್ಟ,ಡ್ರಿ,ಇಸು,ಚೈ.,ಭ್ವ,೦,ಚ್ಚ,ಚ್ಟ,(ತ್ವ,ಚ್ಛೆ,ಚ್ಟ,ಚ್ಛಿ,ಚಿ,ಚ್ಛ"
Sample114,ಚೂ,"ಚೂ,ಚೂ,(ತೆ,1,ಚ,೫೧,ಚೂ,ಇಯ,ಚೂ,ಚೂ,ಚೂ,ಮೊ,ಚ),ಚೂ,ಟಾ,ಬೂ,ಇ,ಚೊ,ಚೂ,ಚೆ,ಆಜೂ,ಟೂ,ಲೂ,3),ಜೂ"
Sample115,ಚೂ,"ಚೂ,ಯಲೆ ಸ 1 ಯ್‌ ಸ್‌ | ಯಾಲೆ ಯ್‌ 116 | (,ತೊ,ಚೊ,ಚು,೫ೂ|,1,ಸೈ,ಚೊಃ,ಯೂ,ಚೋ,ಚ,""ಇಂ,ಚೋ,ಚೂ,ಔಜಂ,ಚ್‌,ಚೂ/,ಚೂ,ಜೋ,೨37),ಚೂ,'ತೋ,ತ್ರ),ಚ"
Sample116,ಚ್‌,"`,ಚ।,ಚಿ),1,ತ),ಜ್‌,ಡ್‌,ಚ್‌,4,ತ್ತು,ಚ,13),ಗ್‌,ಚಿಕ,ಚ್‌,2ತತಿ,ಬೆ,9 ',""ತ್ರ,ತು,ತ್ತಾ,ಓತ”,ತೆ),ಟೆ,ಚ್‌"
Sample117,ಚಂ,"40,ಚೇ,30,ತರಿ,ಚಂ,ಚಂ,0,040,೧50,ಚಂ,ಲ್ಪ,ಔಂ,08೧೦6! 0೦೧1117,25೨,ತರಿ,ಡಂ,1೨0,ಚಂ,ಸ,೧31,23ಂ,೦,30,ಚಂ,0"
Sample118,ಚಃ,"""ಚ,13:,0,ಚಃ,ಚ?,ಚಃ,ತ,ತ;,೭3,ಬ,ಆ,93,ತ್ರಿ,ಚ,ಚ:,9:,ಚ,೧,ಅತ್ತ;,ಚಃ,83:,""ತೆ,(31,7ತ:,13:"
Sample119,ಛ್‌,"೧5,೧”,ಛ್‌,1೨3,(ಟ್‌,ಛೆ,ಛ್‌,ಛ್‌,ವ್‌,ಬೆ,""ೆ,ಛ್‌,ಛೆ,ಛೆ,(೨,೦5,ಛೆ,ತ,5,ಲ್‌,ನ,೯,ಆ),(5,ಉ"
Sample120,ಛೆ,"ಛ,ಲ),೮,ಛೆ,ಛ,ಲು,ವ,ಛಿ,ಛಿ,2,ಛೆ,ಛ,ಛ,ಛೆ,ಛೆ,ಲು,ಛೆ,ಛಿ,ವ,ಛೆ,ಛಿ,ಈ,ಈ,ಛಿ,(೨"
Sample121,ಛಾ,"ಛೆ,(೨),ಟಿ,ಊಿ,(4,),(ತಿ,ಛಾ,ಕೌ,ಆ,ಲ,ವಾ,(3,ಲು,ು,7೮,ಟಿ,ಛಾ,ಲ್ಯ,(2,ಛಾ,(ವಿ೨,(39,ಕ,(2"
Sample122,ಲ,"ಲ,(೨,ಲ,),ಲ,ಕೆ,೧),(),ಲು,2ಬಿ,ಲವ,ಲ್ಮ),ಛಿ,ಲ),0),ಛಿ,೦೨,ಗ,ಲ),ಲು,,ಛಿ,ು,ಟು,ಲು"
Sample123,ಛಿ,"1,1),(೨1,(1,ಛಿ,ಲೀ,ಛಿ,(೨1,(,(2,ಬ,ಲೀ,ಲ),((,೨,ಲ್ನ,(0,ಛಿ,ಕ!,ಛಿ!,ಲ,|,ಎ,ಕ,ಲೀ"
Sample124,ಛು,"(,(,ಯ,ಮ,ು),ಛು,ಛು,(೨),ಯ,ಯ,ಯ,()),ಛು,ಟಿ,ಯು,ಧು,1),ಛು,ಛಃ,ಛು,ಯ,ಜ್‌,ಛಿ,ಛು,ಯು"
Sample125,ಛೂ,"ಛಂ,ಪೂ,ವೂ,ಛೂ,ಕ,ಛೂ,ಛೂ,ಭೂ,ಛೂ,ಯ,ಭೂ,ಲ,ಯಾ,ಛ,ಲ,ಯೂ,ೂ,(ಛೂ,ಲ,0,ಇ,ಛೂ,(2/,ಲೂ,ಛು"
Sample126,ಛೃ,"ಛೈ,(,ಛ್ಛ,ಕ),ಛೃ,(ನೃ,ಛು,ಭ್ಭಿ,ಯ,ಸ್ಸ),ಟ್ಟ,ಭ್ಸ,ಛು,ಲು,ಛೆ,ನೃ,ವ್ಯ,ಛೃ,ಓ್ಸ,(ಸು,ಗ್ಗ,ಬೃ,ಭ್ಚ,ಛ್ರ,ಬ"
Sample127,ಲ,"ಲ,ಟು,ಛ್ಸಃ,ರ್ಫ,ಯ್ಯ,ಛೂ,(ಫ್ರೈ,ಛ್ಸ್ಮ,(ಸೊ,ಛೃ,ಲ್ಸ,ಛ್ಯಃ,(ಸ್ಸ,ಭಾ,ಲೂ,ಛಾ,೧,ಟ್ಟಿ,ವ್ಪ್‌,ಲ,ಛ್ಛೆ,ಛೂ,ಲಾ,ಟ್ರ,ಛು"
Sample128,ಛೆ,"(),ಛು,(0,ಛಿ,ೆ,ಲು,ಲ,ವಿ,ಛೆ,(ಪ,ಸಿ,ಆ,ಕೆ,(2),₹8,ಕ,ಗಿ,ಛೆ,ವ,ಲ್ಲಿ,ಛೆ,(ಛೆ,ಲ,೪,ಛ"
Sample129,ಛೇ,"ಛೇ,ಛ!,ವೇ,(1,(1,(|!,ಛೇ,(ನೇ,ನೇ,2,ಛೆ,ಲ,(೨,ತ,ಬ,ಛ(,ಛೆ,ಛಿ,ಟೆ,(ನೆ,ಸ,(,ವ,ನೆ,"
Sample130,ಛೆ,"ಛೆ,ಗಿ,(ಪ್ರ,(ಲ,ಛು,ಯ,,ಛಿ,೧,ಲ್ಪ,ಛೆ,ಛೆ,ಲ್ಸ,(ನ,,ವ್ವ,ತ],ಗಿ,ಲು,ಛೆ,ಕಾ,ಲು,ಛೈ,(್ರ/,ಛಿ"
Sample131,ಛೊ,"ಲೂ,ಗಃ,(1/2,ಲೂ,ಕ,ಛೊ,ಟೂ,(ಟೂ,ಆ,ಛೂ,ಛೂ,0,0,ಛೊ,1,ಛೂ,(ನಾ,ಛೂ,ಲೂ,(ಛೂ,ಛೊ,ಛೊ,ಛೆ,(ೊ,ಯೂ"
Sample132,ಕ,"ಊಟ,ಲೂ,ಟೆ,ಕ,ಛ್‌,ಛೊ,ಮೋ,ಛಲ,81]!,ಛೋ,ಕ,[ನ,ಛೋ,1,ಛೂ,ಕ,ಲ|,ಛೋ,ಲ|,ಛೊ,ಛೂ!,ಛೂ!,ಛೂ,ಲು,ಠೂ!"
Sample133,ಲೌ,"ಟಾ,ಲೌ,ಛಿ,(4,0)”,ಛ್‌,(ಸ್‌ 3,ಛೆ,ಗಿ,0),(ಪ್‌ೌ,ಲ,ಲ),(',(51,ಲೆ,ಲೌ,ಛೆ”,ಛ1,ಲೈ,ಸು,ದೌ,3”,$,(2"
Sample134,(0,"(೨0,(1,(೦,ಬಂ,(೨ಂ,ಕಿ,0,(0,(ು,(0,ನಂ,ಛಂ,(0,ಲಃ,೦5ಂ,ಬರಿ,ವಿಂ,(೨0,0,ಛೊ,ಪಂ,ಛಂ,(೨೦,ಛು,(70"
Sample135,ಛಃ,"ಓವ,ವ?
೦,50,ಈ,ಗ,ವ:,(ನಃ,(21,ಛಃ,()ಃ,ನಃ,ಛಃ,ಲ,ಛಃ,ಛ್‌,ಬ,ಭ;,][,ಲಃ,ಛಃ,ಛೆ,5):,ಕ,ಛೆ:,ಎ
೦
0"
Sample136,ಬ್‌,"ಬ್‌,ಬೆ,ಬ್‌,ಬ,`,ಜ್‌,ಛ್‌,ಬಿ,1,೫,ಜೆ,ಬ್‌,ಬ,ಜ`,ಬಿ,ಜ್‌,ಜಿ,ಜೆ,ಜ್‌,`,ಚಿ,ಬ್‌,(0,ಬಿ,ಟ್ರ"
Sample137,ಓ,"ಓ,ಬ,ಓ,ಓ,ದ,ಬ,ಯ,ಓ,ಯ,ಜು,ಬು,ದ,[,ಬಿ,ಜ,ಲಿ,ಬ,ಜ,ಓ,0,ಯ,ಲ,ಜ್‌,0,ಜ"
Sample138,ಬಂ,"ಲಾ,ಓಕ,ಓ್‌,ಓ),ಬಿ”,ಬಂ,ಲ),""ಇ,ಬಾ,6],ಬಂ,ಗ್‌,ಓಕಿ,ಬು,ಬೆ),ಯ್ರಿ),ಬ,೫೪,1,ಭ್ಪಿ್‌,ಬ,ಹೈತಿ,ಸೆ,ಬಿ),ಬಿಟ"
Sample139,ಬಿ,"ಬಿ,ಓ,""ಉ,ಬ್ರಿ,ಬಿ,ಸ್ಹ,ಬ್ಬ,ಸ,ಓ,ಬ್ರಿ,ಬ,ಬ,ಬಿ,ಛ್ರು,ಬ,ಬಿ,ಬಿ,ಗ,ಜಿ,(0,1,ಖಿ,ನ,ಬ್ರಿ,ಊ"
Sample140,ಬ,"ಓ!,ಒ(,7,1,ಬ,೫ (,ಬಿ,[ತ,ಬೆ,ಓ(,ಬ,ಇ,ಬ,ಬ್ಬೆ,ದೀ,ದ,ಜೇ,ಜ್‌,ಜ,ಣೆ,ಬಿ,ಜೀ,ಬ್ರೀ,ಯಿ,ಲ್ಪ"
Sample141,ಬು,"ಬು,ಯ,ಯು,ಬು,ಜು,ಬು,ಓಪಿ,ಓು,ಯ,ಲ,ಬು,[ಟು,ಓು,ಓ.,ಆ),ಸ),ಇ,ಬು,ಯು,1,ಯ,ಬು,""ಯು,ಬು,ಬ್ರ"
Sample142,ಬೂ,"ಬೂ,6,ಯೂ,ಜೂ,(/),ಜೂ,ಓೂ,ಬೂ,ದೂ,ಬ್ರೂ,ಓೂ,ಬೂ,ಬೂ,ಬೂ,ಬೂ,ಇ/,ಜೂ,ಜೂ,ಬೂ,ಟಾ,ದೂ,ಬೂ,ಬೂ,ಲಾ,ಬೂ"
Sample143,ಬೃ,"ಭೃ,ಬೃ,ಬ್ಸಿ,ಜ್ಳು,ಬ,್ಭು,(ಸ್ಸ,ಬ್ಬ,ಕ್‌,ಲ್ಭ,ಲ,ಬ್ಭ,ಬೃ,ದೃ,ಬೃ,ದ್ರು,0,ಬೃ,ಬ್ಬ,ಲ್ಭ,ಬ,“ಬ್ರ,ಓ),ಬ್ಭ,ಗೆ"
Sample144,ಬ್ಬ,"ಜಾ,ಬ್ವ,ಲೃ,ಓಾ,ಬ್ಭಃ,ಲ್ಭಾ,ದ್ಕ್ರಾ,ಬಾ,ಬ್ಬ,ದ್ಧ,ತ್‌,ಲ್ಲ,ಬ್ಬ,ಗ್ರ,ಬ್ಲಾ,ದ್ರಾ,ಲ್ಲ,ಬ್ರ,ಓಣ,ಯ್ಚ,ಹಿ,ಬೃ,ಬ್ಫೆೊ,ಬ್ಭ,ಜ್ಜ"
Sample145,ಬ್ರಿ,"ಭ್ರ,ಉ್ರ,ಟಗ,ಬ್ರಿ,ನ,ಬೆ,ಜೆ,ಜ್ತ,ಜೆ,್ಲ್‌ೆ,ಬ್ರಿ,೫,ಜೆ,""ಜೆ,ಬ್ರಿ,ಸ್ರ,ಬೆ,ಬ,ಹ್ಷಿ,,ಬಜ,',ಬ,ಜ”,ಸ್ಸ"
Sample146,ಬ,"೫.,ಜ್ನೇ,ಬೀ,ಜಿ!,ಓ(,ದ,ಬ್ರ,ವ],ಜಗ,ಬ್ರ,೧,ಬೇ,ಜೆ,ಜ್ನ,ಬೀ,ಜ|,ಜ್‌,ಬ,ಬ,(,ಬ,ಜೆ,ಲೆ,ಜ್ತ,ನ"
Sample147,ಜ್ಯ,"ಶ್ಛೆ,ಜು,ಬ್ಯ,ಜ್ಯ,ಜ್ಯ,ಬ್ಳ,ಭ್ರ,ಬ್ಸ್ಬ,ಬಃ,ಯ,ಬೃ,ಬ್ಬ,ಸ್ಸ,ಚ,ಬೈ],ಜ್ನ,ಜ್ಯ,ಬ್ಜಿ,ಬ್ಧ,ಭ್ಯ,ಜ್ಶ,ಚ,ಜ್ಯ.,ಭ್ರ.,ಬ್ಭ"
Sample148,ಜೂ,"ಜೊ,ಬೂ,ಸೂ,ಜೊ,ದ್ರ),ಬೆ,ಜೂ,ಜೂ,ಜೂ,ಬೂ,ಜೂ,ಜೊ,ಬ,ಜೂ,ಜೊ,ಜೂ,ಜೂ,ಛೂ,ಬೊ,ದೊ,2.೧,ಜೊ,ಜೂ,ಬೂ,ಬೊ"
Sample149,ಜೂ,"ಬೋ,ಬಜ,(1,ಛೆ,ಜೂ,ಜೆ,ಬೃ,ಬೂ,ಬೂ!,ಜ್‌,ಛೋ,ಜೂ!,ಚೊ,ಬೋ,ಬ,ಜೂ,ಜೂ,ಓಂ!,ಜೂ,ದೋ,ಯೊ,ಜೂ,ಜೋ,ಬೂ,ಜೌ"
Sample150,ಜ್‌,"ಸೌ,7,ಜ್ತ,ಛೆ,ಕೆ,ಜ್ರ,ಬ್‌,ಜ್‌,ಚ್ಟ,ಜ್ರ',ಬ್ರೆ',ಬ,ಜಃ,ಜಿಕಿ,ಬ,ಬ್‌,ಬು,ಜ್‌,ಬಸ,ಜ್‌,ಜಾ,ಬ್ರೆ್‌,ಜ್ತ,ಸಟ,ಜ್‌"
Sample151,ಜಂ,"ಲ0,ಬ್ರ0,ಜಂ,8,ಉಂ,ಓಂ,ಜಂ,ಬ,ಜಂ,ಂ,ಜಂ,ಭಂ,ಐಂ,ಔಉಂ,""0,ಊಂ,ಔಂ,ಓ0,0,ಓಂ,ಓಂ,ಓಂ,ಜಂ,ಓಂ,0"
Sample152,ಬಃ,"ಬ,ಬಃ,ಕಿ,ಓದ.,ಓಳ,ಬ್ಪಿ.,ಬಿ:,ಬಃ,ಕೌ,ಜ,ಜಿ,ಓಂ,ಓಂ,ಗಃ,ಆ್‌್‌ೌ
|,ಬಕ,ಉಸೆ,ಬಂ,6,(ರಿ,ಓ8,ಉಕ್ಕಿ,0,ಬಟ,ದ."
Sample153,ರು,"ಕ,ದು,3,ರು,ದಿ,ರ,ರ್ಯು,ರ್ಳು,ಲ,6,ರು,ರ,ರು,ರು,ಕು,ಗು,ರು,ರು,ರ್‌ು,ರ),ಯ),ರು,9೨3,ಬ್ಭಿ,ರು"
Sample154,ರು,"7),ಲು,ರು,ರ,ರ),ಡು,ಯ,ುು,ರು,ರು,ಗು,ರು,ದು,ರು,ಲ),ರು,ರೈ,ರು,ಲ),ಲಿ,೫),ರು,ಗು,ರು,ರ್ಯ"
Sample155,ರಾ,"ರು,ರಾ,ರಾ,ರಾ,63),ಯ,ರು,ರೂ,ರಾ,ಕಾ,ರು,ರು,ರ್ಕ,ಕ),ರ,ರಾ,ರಾ,ರು,ಲಾ,ರೂ,ಗು,ರಾ,ರಾ,ಯಾ,ರ"
Sample156,ರ,"ರ,ಯಿ,ಮು,೩,ಕೆ,ವಿ),ದ),ಲ),ಪಿ,ಯ,1,ಯು,ರ,ರು,ಟಿ),ರಿ,ಲಿ,ಲ),ಗು,ಖು,ಮ),ಲ,ಯ,ಲಿ,ಟು"
Sample157,ಯೀ,"ರು,ಯೀ,ಮು,ಲಿ,ಯಃ,ಯ,ಕ!,ಲೀ,೨.,ಲ,ಲ),ಲಿ),0.,ಲೃ,ದ),ಮ,ಲಿ,ಲಃ,ರಃ,ಯೀ,ಓಟು,ಲ|,ಯೀ,ಮಿ!,ಯು"
Sample158,ರು,"ಲು,ರ,ರು,ಗು,ಲು,ರು,ರು),ಯು,ಯು,ರು,ರು,ಯು,ರು,ಯು,ಯ,ರಲ,ರು,ರ,ರು,ರು,ರು,ರು,ರು,ಗು,ರು"
Sample159,ರೂ,"ಯೂ,ರೂ,ರೂ,ರೂ,ಲಟಿ/,ರೂ,ಗೂ,ರೂ,೮0,ರೂ,ರೂ,ರೂ,ಲೂ,ರೂ,ಯೂ,ರೂ,ರು,ಬಾ,ಶೂ,ರೂ,ಲ,ರೂ,ಯೂ,ಯಂ,ರೂ"
Sample160,ರು,"ಕ್ಫ್ರು,ಓ,ರೃ,ಲ್ಫಿ,ರ್ಫು,ರು,ಕ್ಸು,ಬ್ಭು,ಲ್ಫು,ರ್ಳು,ಗು,ರ್ಸು,ರು,ರ್ಸು,ಲು,ಬ್ಭು,೨11],ಗ್ಫು,ಲದ್ಫು,ದ್ಸ್ಸ,ರ್ಭು,ಶು,ರು,ರು,ಲು"
Sample161,ರು,"ರ್ಸು,ಲ್‌,ರು,ಕ,ರ್‌,ಯ್ಲ್ಲು,ಲ್ಸ,ರ್ಸ್ಫು,ರಾ,ರ್ದ,ರಾ,ರು,ಲೂ,ರು.,ರಾ,ಲೂ,ರು,ರ್ಯ,ತೆ,ರ್ಳು.,ದಾ,ರೂ,ರ್ಸಿು,ರ್ಸ್ಸು,ಲ್ಸ"
Sample162,ರು,"ರು,ರು,ರು,ರ್ನ,ಕ,ರು,ಅ,ಯೃ,ರು,ರ್ಬಿ,ರ,ಯು,ರ್ಳ,ರ್ಟ,ಯ,ರು,ರ,ರ),ಗು,ರು,ರು,ರು,ರು,ರ),ಯು"
Sample163,ರು,"ರೀ,ರು,ರೇ,ಧೀ,ಯು?,ರು],ಕ್ಕು,ಕೇ,ರ,ರು),ಡು,ಲು,ರೀ,ಕು,ಡೇ,ರು,ರು!,ಲು,ರಃ,ವು,ಯೇ,ಹ್ಸಿ/,೦,ಗೀ,ರು"
Sample164,ರು,"ಹ,ಕ್ಸ್ಸಿ,ಕ,ರ್ಯ,ರ,ರು,ರ್ಯ,ರ್ಯ.,ದ,ಡು,ರು,ಲು,1],ಯ್ಸ್ಟು,ಕ್ಸು,ರ್ಸ್ಯ,ಲು,ಗು,ಯ್ಯಾ,ಲ್ಸ,ದ್ಫು,ರ್ಗ,ರು,ರ್ಭು,ಗ್ಸು"
Sample165,ರೂ,"ಗೂ,ಗೂ,ರೂ,ರೂ,ರೂ,ರೆ,ರೂ,ಲೂ,ಗೂ,ಯೌ,ಗೂ,ಹೂ,ರೂ,ಯೂ,ರೂ,ಜೂ,ದೂ,ರಂ,ಯೂ,ಮೂ,ರೂ,ಕೂ,ಡೂ,ಲೂ,ಲೂ"
Sample166,ರು,"ರು,ರಟ!,ರು,ರೂ,20,ಕೊ,ಗು,ಗ್ಗ],೧ /,ರ/,ರೋ,ರೂ!,ರೋ,ಖೂ,ಯೂ,ರು,ಕೂ!,ರ್‌,ರು,ಗು,ಕೂ,ರೂ,ಲೂಸಿ,ಸ,ಗಾ"
Sample167,ರು,"6),ಕ್‌,ರು,ರು?,ರೆ್‌,ರಿ,ಗ,೫23,6,ಗಿ,ಕ್‌,ರು,ಲ್‌,ರ್‌,ರುತ,ರ,ರಿ,ರು,ಕ್‌,ರು”,ರು,ರ್‌,ರ,02),ರಪ್‌"
Sample168,ರುಂ,"ರುಂ,ಯುಂ,ರಿಂ,ದುಂ,ಗು0,ರುಂ,ರ,ರಿ,ರುಂ,೦,ಯು,ಲಿ)ಂ,ಗುಂ,ಗ),ರುಂ,ರುಂ,ರುಂ,ಯುಂ,ಇಂ,೮.10,ರುಂ,ರುಂ,ರುಂ,ರುಂ,ಯ"
Sample169,ರು,"ರು),1»,ಗು;,ರಃ,ಯ,ಗಃ,ರು:,ಕ,ರುಃ,ರು,ಯಃ,ರು:,ಕ,ಲಃ,ರ್ಳ,ರು,೨2:
್ಯ ಗ್ಗ,ರ),ರುಃ,ರಃ,ರು,ರೇ,ಲು:,ರು?,ರು;"
Sample170,೧,"ನ್‌,೧,ಇ್‌,5,೦”,ಶಿ,ಲ್‌,ಆ,೧,ಜ್‌,ಗ್‌,“್‌,“ಯ್‌,ಸ್ಡ್‌,್‌,ಇ,“ಣ್‌,ಜ್‌,ಕ್‌,೧,,""೯,್‌,_್‌,ಇಕ್‌"
Sample171,"""ಜೆ","೧,""ಜೆ,""ಆ,',""1,4.,""ಜೆ,""ಡಿ,""6.,""ಆ,""ಡೈ,ಕಶ,',ಛೆ],ಜೆ,ಕಿ,""ಆಗ,ಕಶಿ,""ಲ,""ಖಿ,""27,1],ಣ್ಣ],""0,""|."
Sample172,ಇ,"ಇ,1),]ು,""ಈಕಿ,ಆ),""ತೆ,೦,""೨0.3,0,ಚತ್ರ,6,೫೫,0),""2,ಬ್‌,ಶ್‌,""ಈ,6.1,ಇ,ಲ್ಪ,ಜೆ,ಜೆ,012,""ಆಕೆ,೧07)"
Sample173,ಇ,"ಇ,ಛ್‌,ಛ್‌,ಇು್‌ೆ,ಲ,೧5,`ದ,ಇ್‌,ಣು,""ಗೆ,""ೆ,ಣೆ,೧,ದ್‌,”ೆ,`,ಇ್‌,""್‌,""`,ಗ್‌,್‌,,ಗೆ,ಇ,ಇ"
Sample174,ಗೇ,"ಗೇ,|,ಜಿ!,ಗಾ,್‌,ಇ,ಲೇ,ದ,ಡೆ,ಇ,ಶ್‌,ಣ್ಣ,_,""ಗೆ,ಗ್ಗ,ಅಶ,ಗೇ,ತ!,,ದೇ,ಗೇ,""ೆ,೧],ಜಗ(,ಗ"
Sample175,ು,"ಖಿ,""ಜು,ಇ,ಲ,“ದು,""0,ಯಿ,ು,""1,ಲ್ಸ,1),""(2೨,ು,ಶ್‌,2),ಇಂ,೦2),ಸ,ಜು,""ಯು,೫),“),೧,""ಬೈ,ಗ್‌"
Sample176,ೂ,"“ೂ,ೂ,ಯೂ,ಬೂ,0,ೂ,""ಾ,15],ಳೂ,1ೂ,ೂ,ಜೂ,""ಬ್ಲಭ,ಗೂ,ಕೂ,ಊೂ,,ಖೂ,ೂ,ಇಟ,1),1,0,೦೨೦,ಆ.00"
Sample177,ಇಂ,"ಇಂ,1),ಲ್ಭ,""ು,ಯ್ರು,ಎ,ಸ,ದ್ರ,ಆ),ಕ್ಸ,ಯ,ಶ್ರ,ಎಂ),""ದ್ರು,ಪ),8,ಜಿ,ಜೈ,ಪ್ಪ,ಜೇ,"",ಲ್ಳ,0,೫1,ದು"
Sample178,ಜಾ,"ಜಾ,ರ್‌,ಖಾ,“ಜಾ,ಯ್ದ,ಯ,ಆ,ಖ್ಛೊ,""೮,ಕ್ಟ.,ಜ್ರ,1,ಯಾ,ಶಾ,"",ಗ,""1,ಜಾ,ಜ್‌,”ಾ,0,ಗ್ರಾ,ವ್ಸ್ಟ್ಲ,""ಜೊ,ಶ್‌"
Sample179,ದ್‌,"೧,ದ್‌,ಷ್‌,ಣ್‌,""ೆ,ಗ್‌,“ಜ್‌,ಇ,ಲ”,""ೆ,ಇ,೯”,ಣೆ,“್‌,ದ್‌,ಜ್‌,ನ್‌,ಣು,""ಡ,ದು,೫,ದ್‌,ಗ"",ಬ,""್‌"
Sample180,ಆ,"“|,ಪೌ,""ದೇ,(,ಣೇ,""೯,ಗ,್‌ೆ,ಟು;,೯ಗೇ,ಜ್‌,ಇ”,|,_್‌ೇ,ಆ,ಡೇ,"",ಇ,“1,ಣ್‌,ಣು,ತ್‌,ಗೆ,""ಲ್‌,ಆ"
Sample181,ಜ್‌,"ದ್ಯ,,ಜ್‌,ಆ,ಇ,ಇಗ,ಚ,ಓಸಿ,ಯ,""ಣಾ,ದ,ಇಗ,"",1,ನ್‌,ದ್‌,ಜ್ರ,ಶ್‌,ಜ್‌,ಸೆ,ಳ್ಳ,ಛ್ಯ,೬,""ೈ,ಇ್ಳ,5"
Sample182,ಜು,"ಜೇ,ಗು,ಜು,ಡೂ,ಜು,""ಗ,ು,“ಾ,ಯು,ಯಾ,ಹೂ,ಡೂ,ಆ,೯,ಗ,ಇಪ್ಪ,ೂ,೦1),ಗೂ,""್‌,"",ಯು,ಜೂ,ಯ,ಜಾ"
Sample183,ಜೂ,"ದೆ,1,ಜೋ,ಲ್‌,ಯ,ಜೂ,ಜಾ,ಇ,ಗ,2,ಜೂ,ಜೂ,1,ಇ,ಇಸ,ಇನೂ,ಕಬ 5,ಆಗೆ
""ನೂ?,ಶೀ,ಆ),ಚ್‌,ಗೂ,ದ,ಇಗೂ!,ಗ"
Sample184,ಇ,"""ು,""“್‌ೆ,ದ್‌ೆ,2.,ಇಗ,ನ್‌,ಇ,ಡಾ,""ಗೆ,ಗೆ,ಗ್‌,್‌್‌,ಲ್‌,ಲ,ಡ್‌್‌,ಇ,1,ಲ್‌ೆ,ಇಣಿಕಿ,ಡ್‌್‌,ಆಂ,“್‌್‌,ೌ,್‌್‌,ಲ್‌”"
Sample185,[0,"ಜ.0,ನಂ,""ರಿ,“00,""ಆ.10,ು,ಶಿ,ಓ/0ಿ,ಜೈ,“ುಂ,[0,1,0,""ಲ್ರಿ೦,೦,20,6.0,""11,ಆ0೦,ಂ,೫,[0,“2೦,20,2೦"
Sample186,ಆ,"ಬೆ,""ದ್ರ,ಜಃ,0.0,""2,ಆ,[6,""ಕಿ,ಹ,"";]8,""'0[3,""1,""1,ಆ,ಆ),ಈುಃ,ಇ,(₹೯,ಶಿ,ಶಿ,ಆಂ,6,ಣಃ?,ಲ್ಲೇ,""ಆಜ"
Sample187,ಟ್‌,"63,(3,ಟಿ,೭2,ಆಟ್‌,೪,35,ಟೆ,6,ಜ್‌,0.,ಟ್‌,ಟ್‌,ತ,2ಬ,5,1"",೭,ಟ್‌,3”,ಟ್‌,ಟ್‌,£3,ತ್‌,5"
Sample188,ಟಿ,"೦೨,ಟು,ಚ,ಟು,ಟು,ು,ಟಿ,5,ತ,ಪಿ,ತ,ಓತಿ,ಈ,ಲ,ಲ,ಟಿ,ಜ,ಿ,ಟಿ,ಟಿ,(ು,ು,ಚೆ,೪,ತ"
Sample189,3,"3,611,,ಡಾ,ಟು,೧೫%,2ಚಿ,0,,ಪಿಂ,ಟಾ,ಧ್ರ,ಬಿ),ತ,ಚಿ),ಟಾ,ೈಬ),ಟಿ),ತಲ,ತ,7?,3,ಓತಿ,ರ೨/,ಚಾ,ಓ೨್ಠ0"
Sample190,ತ,"6,ಎ,ತ,ಟಿ,ಕು,ಓತಿ,ಬಿ,ಟಿ,ತ,5,«2,ಓತಿ,೬3,ತ,ಕ್ರತಿ,ತ,ಗ್ರಿತಿ,ುಿ,ಟೆ,ದ್ರ,೭,೭,(,ತ,ಓತಿ"
Sample191,ಓತಿ,"ಟೆ!,ಸ್ರೀ,ಓತಿ,ಟೀ,ಇ,ಟೀ,ಸೀ,ಓತಿ,ತ,೭೫,ಕು,೬೫,೪),ತ,ಓತ,(೨!,ಟಿ,ತಿ,೭,ಓತಿ,೮೨(,೧,ಟಿ!,೫,೭"
Sample192,ಟು,"ಲಯ,ಯ,ಚು,ಓದು,ತ,ಟು,೨),ುು,ತ,ಟು,ಟು,ಟು,ದ್ರು,ಟು,೭,ತ,ಟು,ಟು,ಟು,ಟು,ಯ,ಟು,ಮು,ಲಿ,(ವ"
Sample193,ಟೂ,"ಕವ,ತ್ಸ,ಟೂ,೩2.),ಟು,ಟೂ,21,ಯೂ,ಟೂ,ಟೂ,ಟಿ,ಬಾ,ಟೂ,ಟೂ,ಟೂ,ಟೂ,ುು,ಟೂ,0,ಟೂ,2,(ವೂ,ಟು,ಖೂ,ತ್‌"
Sample194,ಟ್ಛ,"ಷ್ಟಿ),ಪ್ರ),ಟೃ,ಕಾ,ಟ್ಛ,ಟೃ,5],ದ,ಓತ),ಬೃ,ಟ್ಭ,ಟ್ಛ,ಲ,ಲೃ,ಟ್ಫಿ,ಟ್ಛ,ಪ್ರಿ,ಚ್ಟ,ತ,ಲ್ಭ,ಟ್ಮಿ,ಟ್ಟ,ಟ್ಬಿ,ಟಿ,ಚ"
Sample195,ಟ್ಟ,"ಬೂ,ಟಾ,ಟ್ಟ,ಗಃ,ಟ್ಫಿ,ಟ್ರಾ,ಬ್ಳೆ,ಲ್‌,20,್ಫ್ರಾ,್ಳ,ಲಿಂ,ಬ್ಬ,(೨,ಟ್ಟಿ,ಟ್ಟ,ಟ್ಟ,ಟ್ಧ್ನ,ಲ್ಲಾ,ಬ್ಲ,ಟ್ಟ,ದ್ಟ್ವಿ,ಟ್ಕೂ,ಓಟ,ಚ್ಯಾ"
Sample196,ತ,"(,ತ,ಟೆ,65,ರತ,ತ,ಆ,1],ಟ್ರ,ಟೆ,ತಾ,65,3,2,1ಬ,೯,ಲೆ,ಟೆ,ಡೆ,ತ,ತ,ಟೆ,ು,ತ,ಟ್‌"
Sample197,ಟೆ,"ಟೆ,೭3,ಶ್‌,€7[(,62,ಓ,)”,(೨,ಟಿ!,|,3,ಆ,ಶೆ,ಟೀ,ಟೆ,ನೀ,ತೇ,(೨,ತಾ,ಟೇ,ಓತಿ,ಓತ,ಟೇ,೩೭೭೯,ಓತಿ?"
Sample198,ಟ್ಟ,"ಟ್ಶೆ,,2,ಬ್ಫಿ,ಟೆ,ಟು,೫),ಡು,ಟ್ರ,ತಾ,ಟ್ಹ,ದು,ತೆ,ಟ್ಫ,ತ,ಟ್ಛ,ಟ್ಟ,ತ್ರ,ಟ್ಟ,(ತ್ಭ,ಟೈ,ಟ್ಶಿ,೨],ಟ್ಫ,ಟ್ಟ,ಟ್ಟೆ"
Sample199,ಟೂ,"ಟೂ,ಲೂ,(10,ಟೆ,ಟೂ,ಟೂ,ಟೂ,ಟೂ,೭,ಟೆ,ಟೂ,ತೊ,20),2,,ಟೂ,ಟೂ,್‌ು,ಟಾ,ಟೂ,ಟೂ,ಬೊ,ವೂ,ಬೂ,ಟೂ,ಟೂ"
Sample200,ಟೂ,"ತೂ,ಕ್‌)!,ಟೂ,ಟೂ?,ಟೂ,_21(,ತ,ಟಿಸಿ,ಟೂ!,ಆ,ಮೂ,ಟೂ,2,ಟೋ,ಟು,೫,ತ,೨.,ಛೊ!,ಟೂ,ಟೂ,ಣೊ,ಟೂ,ಲೂ,ಟೂ!"
Sample201,ಟ್ರ,"ಟ್ರ,ಗ್ರ,(30,ಗ್ರೆ,ಟ್ಟ,1,£31,ಟ್ರ,€',ಟ್‌,ಟೆಕಿ,ಟೌ,ಆಟ,5,ಟ್‌,ಟಿ,ಟ್ರ,(ಪ,7.,ಸಿ,(ತ್ರ ್‌,ಟ್‌,ಹಿತಂ,್ಲ,ತಿ"
Sample202,ಟಂ,"ಓ೨೦,೦,ಪಿ,ಟಂ,ಲರ,ುಂ,ಟಂ,6೨0,ಟಂ,೨೦,ಬ್ರಸಿರಿ,೦,ಊಂ,ಟಂ,೯೦,440,ಚಿಂ,ಓಟ0,ಲಿ,0,೭೨೦,ಟಂ,೨%,ಟಂ,0"
Sample203,ಟಿ,"ಲ,ಟಿ,ಬಟ.,ಚು;,98,ಟ$,ಲಃ,ಉಂ,ತಿ.,2,8,0,೮.,ಟಂ,ಟಿ,ಟಿ.,ಬಃ,6,ಓ3,ಓಪಿ,ಚಿ,ಟಿ,5,೦,ಕ್‌"
Sample204,ಠ್‌,"ಠ್‌,ಡ್‌,ಗ,8,ಠ್‌,ರ್‌,ಥ”,ಠ್‌,ು,ಣ್‌,ಕ್‌,ರ್‌,ಥೆ,ಠ,,ಕೆ,ರು,ಗ್ರ”,ಠ್‌,್‌,ಠ್‌,6,ಗ್‌,ಠ್‌,ಠ್‌"
Sample205,ಠ,"ಥ,ಠ,ಠ,ಗು,ರ,7),ಗ್ರ,ರ,ಕ,ರ,ಠ,ರ,ಗ್ರ,ಠ,ಗ್ರ,ಗ್ರ,ಲ,ಶ,ಥ್ರ,ಥ್ರ,ಠ್‌,ಠ,ಠ,ಠ,ಶ್ರ"
Sample206,009,"009,ಟ್ರಿ,ಈಠವಿ,2),(೨4,ಲಿಕಿ,ಯ,ಡ್‌,ಲ್ರಿ,03,(ಅ),ಅಂ,ದಿವಿ,ಿ॥,3),ಶು,(.)),ದಿ),ಲಕಿ,ುಿಂ,0,ಈ,0%,೮೬,[20"
Sample207,ಲಿ,"ಗ್ರ,ಕ್ರ,ದ),ಗ),ಶ್ರಿ,(೨),ಲಿ,೨,ಛಿ,ಕ್ರೈ,ಲಿ,್ರಿ,0,0,ರಿ,ಅ,ಕ್ರಿ,ಗ್ರ,ಲ,ದಿ,ಲ,0,ಲಿ,),ಲ"
Sample208,0,"ಥೀ,ಈ,(೨,6,೦,""(,ರೇ,0,ವಿಸ,ಪೀ,0,ದಿ,01,9,ಓ(,0,ಲೀ,ಶ್ರ,ಲಿ,೨,6,ಲ್ರಿ.,ಲಿ,0ೀ,ಪಿ"
Sample209,ರು,"ಗು,ಯು,ರು,ಲು,ರು,ಗು,ರು,2),ಯ,ರು,ದ.,6,ು,ದು,ರು,ರು,ದು,ಯ,ಡು,ಜ್ರ,ಜು,ಲು,ದು,ಥು,ರು"
Sample210,ರೂ,"ಥೂ,ರೂ,ಠೂ,72/,ಕೂ,ರೂ,ಠೂ,ರೂ,ದೂ,ರೂ,ಯ,ಲೂ,ಊ,ರೂ,5,ಯ,ಠ/,ಲೂ,ರೂ,ರೂ,ಠೂ,ಲೂ,ದೂ,ಠೂ,ಗೂ"
Sample211,ದ್ಭ,"ದ್ಭ,ಥ್ರ,ದೃ,ಲ್ಭ,ದ್ಭ,ಕಿ],೦7,ಗ್ಭ,ಥೆ,ಗ್ಯ,ರೃ,ಲೆ,ಠ್ರ,ಛ್ಫಿ,ದೃ,ಗ್ರ,ಲ್ಭ,01,ಲೃ,ಲೃ,ದ್ಭ,ಗ್ರೃ,91,ಗ್ಫ,ಠ್ಳ"
Sample212,ಗ್ರ,"ಗ್ರ,ಲೂ,ರೃಂ,ಗ್ರ್ಸ,ಠೃ,ದಾ,ಗ್ಫಿ,ಡ್ಶಃ,ಥಾ,ಠ್ಪೂ,ಗ್ದ,ದ್ಸ,ಲ್ಟ್ನ,0],ಧ್ರ,ಲ್‌,ರ್ಶ,ಲ್ಭ,ಥ್ಭ,ರ್ವ,ತೆ,ಧೌ,ಶ್ರ,ರೂ,ಯಾ"
Sample213,ಠಿ,"5,”್ರ,೦,ಗ್ರ,ೆ ಕ,೮,ಠಿ,ದ),6,ದ,ಠಿ,ಛೆ,ಛೆ,ಠ,ಠ',ಠಿ,ರ,ಗ್‌,ಠ',ಠ,೦,ಗ್ರ,ದ,ಛಿ,ಠ"
Sample214,ಠೇ,"ಠೇ,ಥ್ರ,ದೀ,6,ದ,6,ಠಿ,ಗ್ರ,ರೆ,ರೇ,್‌,ಥ್ರ],ಶೇ,ರ,ಛೀ,ಠ(,7,6!,ಗ,ಗ್ರೇ,ಠೀ,ಠೇ,ದೇ,77(,ಠೀ"
Sample215,ಗ್ರ,"ಗ್ರ,0,0,ಗ್ರ,ಗ್ಸ್ರಿ,ಛ್ಟ,ಲ,ಗ್ಸಿ,ಕ,ರ್ಟ,ಛೈ,0],ರ್ರಿ,ಥ್ಟಿ,ರ್ವ,ಲ್ವ,ಜ್ರ,ದೆ,0],ದ,ದ್ರ,ಲ್ಫಿ,ರ್ಟ,ಗ್ಸ,ನ್ಳು"
Sample216,ರೂ,"ಗೊ,50,ರ,ರೂ,ಕೂ,ರೂ,ಗ್ರ,ರೂ,ರ,ರೂ,ರೊ,ರೂ,ಬ,ಠೂ,ರೊ,ಕೂ,ಠೂ,ಠೂ,ಕೂ,ರೂ,ರೂ,೦.,ಏಣ,ಠೂ,ಠೂ"
Sample217,ರೂ,"ರೂ,ಥೂ?,ರೂ|,ಕೋ,ರೂ,ನೂ,ರೋ,ಠೂ,ರೂ,ರೂ,6೧,ಣೊ,ಗೂ,ರೊ,ದು,ರಿ,1,ಗೊ,೫೫,ರೂ,ಗಾ,ಲಾ,ರ,ಠೂ!,ರ"
Sample218,ಠ್‌,"ರ”,ಗ್ರ”,ಡ್‌್‌,ಶ್ರ,ಠ್‌,ಠ।,6”,0,50,ಠ್‌,ಠ',ಗೌ,ಠ4,್‌,ರಿತ,ದ್‌,ದ”,82,೮8,ರ,ಲಿ$,ಗ್ರ,ಕ್ರ,ರ,ಠ”"
Sample219,ಠಂ,"ರಂ,ದಿಂ,ಠಂ,ಠಂ,0,ದಂ,೮0,5ಂ,00,7),ಗಂ,೮೦,೧,016,20,1,ಠಂ,೮ಂ,ಗ,ರಿಂ,ಠಂ,00,ಡಂ,ಗಂ,ಠಂ"
Sample220,ರ:,"ಗಃ,6,ಉ,ಥಃ,ಅಃ,ಛಿ,೮;,6).,08,ಪಾಣಿ
೦
ಗ).,ಗ,ರ:,0,ದುಕ,ಡಿ:,ರ:,8,ಠಃ,ಠ$,ಗ್ರ॥,ಈ,(೮8,ರ?,೫,ದಃ"
Sample221,ಡ್‌,"ಗಾ,ಡ್‌,ಡ್‌,ಡೆ,ಡ್‌,ಡ್‌,ಡೆ,ಡ್‌,ಡ್‌,ಡೆ,ಸ್‌,ಡ್‌,ಛೆ,ಡ್‌,ಡ್‌,(ತಿ',ಡು,6,(3,ಡ್‌,73,3,ಡ,4್‌,ಣ್‌"
Sample222,ಡ,"೫,ದು,6,ಗ,ಗಡ,ದ,ಡ್ರ,ಡಿ,ದ,ಗ,ತ್‌,ಡೆ,6,ಡ,ದ,ಡ,ಡಿ,ಡ,ಡ,ಡಿ,ಈ,ಡ್ರ,ಯ,ಡ,ದ"
Sample223,ತಿ4,"ಟಿಂ,(ತಿ?,(೨ಿ|,(೨೨,ಟಿಕಿ,ದ.,0,ತಿ4,ಟಾ,(೨0,ಊಔ,01,ವಾ,ಕು,ಚಿ,4,ಗ್ರ,(ತೌ,(ತ್ಮಿ,358,ತಿ4,0.,ಣಿ,ಚಿಂ,ತಿಂ"
Sample224,ಡಿ,"ಶ್ರಿ,ಡಿ,ಡಿ,0,(ತ,""ತ,ಡಿ,ಡಿ,ಷಿ,(೨,ಚಿ,ಚಿ,ವಿ,(2,(ತಿ,(ಸಿ,(೨,ಡಿ,ತಿ,ಟಿ,ಛಿ,ಡಿ,ಡಿ,(ಸಿ,(ತಿ"
Sample225,ಡಿ,"ಖು],ಟ್ರೀ,(೨!,((,ಡಿ!,ತಿ!,(3,ದಿ,ಜಡ.,ಡಿ,ದೀ,ಟಿ,ತಿ,(3(,ಡಿ,1,(ಪ,6,(ತೀ,ಗ,ಸಿ],ಪೀ,ಪಿ,',ಡೀ"
Sample226,ಡು,"ಯು,ಡು,ಡು,ಡು,ಡು,ಡು,ಡು,ಛು,ಡು,ನು,ಡು,ಯು,ಡು,ಡು,ದು,ಯು,ಗಡು,ದು,ದು,ಯು,ದ್ರ,ಡು,ಸದು,ಕ್‌,ಕಾ)"
Sample227,ಡೂ,"ಡೂ,ಗೂ,(660,ಯಾ,ಡೂ,ದ,೫20,ಡೂ,ಡೂ,ಡೂ,ಉಂ,12,ಡೂ,ಡೊ,ಡೂ,ಗುಣ,ಡೂ,ಡೂ,ದೂ,ಡಾ,ಗ್ರಾ,ಯೂ,ದೂ,ದೂ,ಹ"
Sample228,ಡ್ಭ,"ಡ್ಭ,ಯ್ಭಿ,ಗ್ರ,ದು,ಗ್ರಾ,ದೃ,ಛ್ಬಿ,ದೃ,ಡ್ಭೃ,ಡ್ಭ,ಟ್ಪ,ಯ್ರು,ಛಿ,ಡ್ಬ,ಣಿ,ದೈ,ಯ್ಭು,[1,ದ್ಭೃ,ಡ್ಕ,ದ್ರ,ಡ್ಳ,(|,ಡ್ಭ,ಡೈ"
Sample229,ಡಾ,"ಯ್ಯ,ಗಲ್ಫ,ಡ್ರ್ವ,ಇಡಾ,ದ್ರ,ಡ್ಯ,ಯ್‌,6,ಯ್ಸಿ,ಡ್ರ,ಡೆ,ಡಾ,ಡಾ,ಡ್ರಾ,ದ್ಸ್ಲ್ದ,ದ್ಭ.,ಯ್ರ್ಕ,ಡ್ಕೂ,ದ್ಯಾ,ದ್ರಾ,ಛೆ,ಡ್ಜ,ಡ್ಪ,ೌ,ಡ್ಭೆ"
Sample230,ದ,"ಗ್ರ,ಗ”,ಗ”,ಡ,ಟಿ,ಡೆ,ದು,೫,ಡ,ಡಿ,ಯಿ,ದ,ದ,ಣಿ,ಡ,ದ,ದ,ದ,1,ಡಿ,ಡಿ,ಡೆ,ಯ,ಡಿ,ದ"
Sample231,ಡೇ,"ದೀ,ವೀ,ಡೇ,ಡೇ,ರ್ಗ,ಡೆ,6,ಡೀ,ಯೆ!,ದೀ,ಡೀ,ಈ,41,ದ,ಡೀ,ಗ್ರಾ,ದಃ,ಛೆ,ದೇ,(ಸ,ಡ/,ಡೇ,ಡಿ,ಡೆ,ಗೀ"
Sample232,ಡಿ,"ೆ,ಗ್ರ,ಔ|,ದ್ರಿ,ಡಿ,ಡಿ,ಷ್ವ,ಡೆ,ದ್ಯ,ಯ್ಯ,ಡ್ಶ,ಡ್ರಾ,ಡೆ,ದ್ವ,ಡಿ,ಯಿ,ಡೃ,ಡ್ಯೆ,ಣ್ವಿ,ದ,ಗ,ವ್ರ,ಡ/,ದ್ಭ,ದ್ಯ"
Sample233,ದೂ,"ಡೊ,ದೂ,ಯು,ದೂ,ಡೊ,ಡೂ,ಟ್ರೂ,ದೊ,ದ,ದೂ,ಯೂ,ಡೂ,ಡೂ,ಾ,ಛೊ,ಗ್ಗ,ಯೂ,1),ದೂ,ು.,ಡೊ,ದೂ,ದೊ,ಡೊ,ದೂ"
Sample234,ಡೂ,"ಯ,ದೋ,ದಣಿ,ಡಾ,ದಂ,ಡೂ,ನೂ,ದೂ,6!,ದೆ,ಯು,ಡೂ,ದೊ?,ಛೂ,ಡೊ,ಡೂ,ಡೂ!,ಲೂ,ದೊ!,ದೂ,ದೂ!,ರೇ,ನೂ,1,ಡೂ/"
Sample235,ಡ್‌,"ಸ,ಡಿ,ಗ್ರ್‌್‌,೧),2,ಗಟ,ದಿಶಿ,(ಓತಿ,ಡೆ”,ಡಿ,ಡ್‌,1”,ಡ್‌,(ಸ,ಈ,ಡೆ,ಡ್‌,ದ್‌,ಡ್‌,ಡ”,ಗ್ರಿ್‌,ಡಂ,ಣಿಕ,ಡೆ!,ಡಿ."
Sample236,ಡಂ,"ದಂ,ಡಂ,ಎಂ,0,ಂ,00,ಳೆ,ಡಂ,ಇರಿ,ದಗ,ಡಂ,೧ಂ,ಡಂ,ಡಂ,ದುಂ,ಡಂ,ಊ),ದಂ,ಡಂ,ದಂ,ಗುಂ,ದಂ,ಡಂ,(ದ್ನ,ಡಂ"
Sample237,ಡಃ,"ಡಿ,ಡೆ,ಗ,ಡ,ದೆ,ಡಃ,ಣಃ,ಗಃ,ಗತ;,ಗ,ಡಿ,ಊ,ಔ;,ದಃ,ಡಃ,ದಃ,ದ],ದಃ,ದಃ,ದಃ,ಡಃ,ಯಿ:,ಡಃ,ಡಃ,ದ್ರ"
Sample238,ಢ್‌,"ಣ್‌,ಗ,ಢ್‌,ಡ್‌,ಢ್‌,ಧ್‌,ಢ್‌,ಡ್‌,ಗ್‌,ಗ್‌,4,ಧ್ರ,ಆ,ಟ್‌,ಢೆ,ಈ,ಢ್‌,ಛೆ,ಚ,್‌,4,ಢ್‌,ಢ್‌,ಢಿ,ಢ್‌"
Sample239,ಢ,"ಛಿ,ಢ,ಕ,ಡೆ,7,,ಕ,ಗಿ,ಛೆ,ಡ,ಗ,ಗ್ರ,ತಿ,ದ,ಥಿ,ಕ,ಣಿ,ಢ,ಡಿ,ಈ,ಡ್ರ,ಢ,ಢ,ಥ್ರ,ಢ"
Sample240,(೨4,"ಿಂ,30,(3,9,ಭಂ,ಡಿ,(೨4,(ಟಿ,(ತಾ,ಛಿ,(,(೨4,(ರೆ,ಛಿ್‌,ಛಿ,(೨3,(ತ,ಢಾ,[ಲಿ,2,(ತಿಂ,(ಗಿ,(ಕಿ,ಫಿ”,(೮"
Sample241,ಛಿ,"ಛಿ,ಡಿ,ಛಿ,ಛಿ,(೨,ು,ಣಿ,ಣಿ,ಗಿ,ನ,ಛಿ,(,ಛಿ,(ವಿ,ಈ,,ಈ,ಗೆ,ಣೆ,(ತಿ,ಥೆ,(ಸಿ,ಓತಿ,ಗಿ,1"
Sample242,(೨,"(೨,ಚ,0.,ಉ,4!,ಸಿ,(ಎ4,[ತಿ,ಛಿ!,((,೩.,ಕ್‌!,(೦,ಛಿ,ಥೀ,ಗ,ಛೀ,(ತಿ,ಕ,[,ನಿ),ಕ,(೨!,(೨,1"
Sample243,ಢು,"ತು,ಥಿ,ಢು,ಧು,ಗು,ದ್ರಾ,ಡು,ಢು,ಲು,ಡು,ಊ್‌,ಢು,ಛು,ಛು,(2,ಧು,ಗ,ಛು,(ಯ,ಢು,ಛು,ಛು,ಢು,ದ್ಧ,ಧು"
Sample244,ಧೂ,"ಧೂ,ಛೂ,ಢೂ,ಡೂ,ಗಾಂ,ಧೂ,ಛೂ,ಧೊ,ಧೂ,ಧೂ,ಣೂ,ನೂ,ಛೂ,ಢೂ,ಲ್ಲ,ಛಾ,ಛಾ,ಢೂ,ಧೊ,ಛೂ,ಧಾ,ಡೂ,ದೂ,ಗ್ಗ,1"
Sample245,ಛ್ಸೈ,"ಥ್ಸ್ಳ,ಣೃ,ಛ್ರಾ,ೆ,ಛೆ,ಡಿ,ಗ್ಸ್‌,ಛ್ಸೈ,ಣ್ಸೈ,ಗ್ಸು,ಣ್ಸ್ರ,ಛ್ಬ,ಛ್ಫ,ಛ್ಸೈ,ಗ,ಗ್ಭೃ,ಛು,ಢ್ಸ,ಡೃ,ಗೃ,ಗ್ರ,ಸ,ಜ್ಪ,ಢ್ಫ,ಧೃ"
Sample246,ಗ್ಸ,"ಢ್ಚೆಃ,ಛೊ,ಡ್ಸ್ದ,ಗ್ರ್ರು,ಡಾ,ಥ್ಸಃ,ಡ್ಫ,ಛೈ,(ಕ್‌,ಣಾ,ದ್ಯ,ಗ್ಲ್ಯಾ,ಥೂ,ಛ್ಕ್ಗ,ಛಿ,ಗ್ಸ,ಧಾ,ರ್ಶ,ಛೂ,ಧ್ಸಃ,ಗ್ಸ,ಗ್ಹ್ದ,ಡ್ಮ,ವ್ಸ,ಣ್ಲ"
Sample247,ಗಿ,"ಗಿ,ಛೆ,ಗ್ರ,ಛೆ,ಢ,ಢಿ,ಕ್ರ,ಡೆ,ಧ್ರ,(ತಿ,೫,ಥೆ,ಡೆ,ಡಿ,ಢಾ,ಗ,ಗಿ,ಷಿ,ಛಿ,ಧ,ಥೆ,ಧಿ,ಗ್‌,ಗ್ರಾ,ಛಿ"
Sample248,ಢೇ,"ಛಿ!,ಈ,ಗ್ಗ,ಡೆ!,ಣೇ,4!,ಥಿ!,ಠೇ,ಢೇ,ಗೆ,೫1,ಡೆ,ಗೀ,ಗು,ಧಿ!,ಗ್ರ,ಡ್‌,ಡೆ,ಟೆ,ಛೇ,ಲ,1,ಧೀ,ಣಿ,ಢೇ"
Sample249,ಗ,"ಇ,ಢಿ,.,ಛ್ವ,ಾೆ,ಜೃ,ಗ,ಡ್ಟ್ಯ,ಗಿ,61,ಗ್ಸ್ಟ,ದ್ರು,ಛಾ,ಧ್ಯ,ಗ್ಯ,ಛೆ,ಧ್ಯ,ಗೈ,ಣೆ,|,ಗ,ಲ್ಲ,ಗೈ,ಕ್‌,ಗ್ಗ"
Sample250,ಧೂ,"ಧೂ,ದೊ,""ೂ,(0,ಛಾ,60,ಧೂ,ಥೂ,ನೊ,ಧೊ,ಢಾ,ಲೂ,ಛೂ,ಛೂ,ದೊ,ಛೂ,ಡೂ,ಉ್ಚ,ಥೂ,ಢೂ,ಛೊ,ಧೂ,ಛೂ,7/),ಧೂ"
Sample251,ಛೂ,"ಢೂ,ಗೂ!,ಠೊ,ಗ,ಛೆ,[ಚ,ಛೂ,ದ್ಯ,ಕೌ!,ಧಣ,ಣೊ,ಛೋ,ಛಿ,ದೂ],ನೂ,ದ್ರ,ಛೂ,ಧೂ,ಛೂ!,ಛೋ,ದೊ,ಧೂ,ಗಣ,ಛೊ,2೫0"
Sample252,ಢ್‌,"(ತಿ,7,ಗ್ಹ್‌,ಗ್ದ,ಡ್‌,ಛೆ,6,ಢ್‌,ಢ,ಣ್‌,ಢಃ,ತಿ,ಢ"",3],ಣಿ!,ಗ್‌,ಡೆ,ತ್‌,ಢ್‌,4,ಣಿ,ಣ್‌,ಹ್‌,(3,ಡೌ"
Sample253,ಗಂ,"ದಂ,ಛಿ,ಗು,ಡಂ,ಢಂ,ಥಂ,ಗಂ,8,ತಿಂ,ಣು,ಗಂ,ುಂ,ಢಂ,ಧರಿ,0,ಣಂ,ಧರಿ,ಧೆಂ,ಇಂ,ಗಂ,ಡ್ರಂ,ಛಂ,0,0,70"
Sample254,ಢಃ,"ಗಃ,ಢಃ,ಗಃ,ಥಃ,ಢಃ,ಧಃ,೯,ಚಿ,ಡೆ,ಗ],ಕ,ಲಿ
ಥಿ
1,ದ,ಛಃ,1,ಡ:,ಢಃ,ಣಿ,ದೀ,ಗ;,್‌,ಛಿಃ,ತಃ,ಅ,(8"
Sample255,ಣ್‌,"ಣ,ನ್‌,,ಣ್‌,ಣ್‌,೫"",ಣ,ಆ,ಇ,ಣ್‌,೯೫,5,7),ಣ್‌,2,(ನತ,ಣಂ,೧,೯ ್‌,ಣೆ,2),ಣ್‌,ಆ,೮೪”,₹8"
Sample256,೯,"€3,ಓಂ,2,ಛೆ,64,3,೮೫,೪,ತ,ಣ,೯,ಡಿಗಿ,ಲಿ,೭`೦,€ೆಂ,ಓ್ರ),ಪ),(8,(20,(ಶಿ,0,ೆಂ,೯,20,(9"
Sample257,೫,"೫,೪ಕಿಕಿ,,(೨),.)),(ಕಿತ್ತಿ,ಲೆ,ಲೆ.,೦,00,3),೮24,3೪],ಈರಾ,ತು,೮3,(6,೧,(1,೮೨),ಇ),(೫),ತಾ),6,(]"
Sample258,ಣಿ,"20,೯,ತ್‌,ಣಿ,ತ,ಸ,ಇಂ.,₹),೧),ತ,,ಇ,,ಣ,ಣಿ,ಇ,೯,ಣು,ಣಿ,ಣು,ಕ,೧2,ತ,ತು,€ೈ೫"
Sample259,ಣು,"ಣಿ,೯,ಣು,₹ುೈ%,7],31,ಈ,೫/6,6,೧,ಣಃ,ಣೈ,ಣೆ,ಆ,೨,ನೀ,ಣೀ,ಣೀ,೧,೫!,೫,1,ಣು,%,ಣಿ!"
Sample260,೮,"6,ಲ,ಉಲ,ಓ 2),0),ಗ),1,(ಖಿ,೮,""ಖ,ತಿ,ತಾ,(2,೮ಖ,ಯು,(2),(``),ಖ,ತೀ,ು,(ಯ,0,ಲ),೮,``"
Sample261,0),"ಅ,೫1.,೯,0),(2,6 ""0/0,೮%,ತಿ,(ಂ),ಾ,(,ಡ್‌,.0ಊ,ಲ,ೂ,ತ್ಯೇ,ಯೂ,ರಾ,(||,ಜ್‌?,೨0,₹,0),ೂ,(0"
Sample262,(ಲ್ಭ,"£,0,ಲೆ,(,ಓ'ಲ್ಫ,ಣ್ಳ,(ಲ್ಭ,೮೦),್‌,6,ಲ),ತಿ,,(ಬ),(ಲ್ಭ,ಆ,ತ,ತ,(ಟ್ಟ,ಒಳ,(ಳು,ಲು,30),ಜು,ಶಿ"
Sample263,ಲಾ,"ಲಾ,ಓತ್ಟಿಇ,ಲಾ,ಲ್ನ,ಓ`್ರಾ,ಣಃ,(ಾ,(""ಲಾ,(ಕಾ,(ಶ್ರ,ಛೆ”,``,ಲೈ,ಜಾ,೮,(ೆ,ತೆ,(,(ರ್ಕ,(0,ಲಾ,ಲಾ,ಲೂ,ಜು,ಲ್‌"
Sample264,ಣು,"೧,ಣು,ಗು,ಣೃ,ಇ,ಲಾ,ತ,ಕಾ,೯,ಣ,20,ಣಿ,ತ,ಣ್‌,4,ಣು,ಣು,ಣು,3,ತ್ವ,ಕೋ,್‌,ಣು,ನ,ಣ್‌"
Sample265,ಣು,"ಕ,೫.,ದ್ಭ,6),ಣೇ,ದು?,ಣು,ಗೌ,ಣು,ಣಿ,ುಃ,ಣೆ,ಗಾ,ಣು,ರಿ,2,ಣಾ,ಇ,ಗ್ರ,ಆ.,ದ್ಸ,ದ್ಭ,೨],ಜು,ಶ್‌"
Sample266,ಣು,"ಣ್ಕು,ತ,ತೀ,ಣ್ಕ.,ಣ್ಯ,೧,ಲ್ಭ,€ೈ,ಣು,ಗ್ಭ,ಣು,ಣ್ಯ.,ಣ್ಚ,ವೆ,ಣೃ,ಣೃ,ಣಿ,ಶೀಗೆ,ಣು,ಶೃ,್ರ,ದ್ಯ,ಲ್ಸ,€ನ್ಫ,೧"
Sample267,ಣೂ,"ದೂ,ತ,ನೂ,ಣಾ,)/),ಡೂ),೮,ಣೂ,ರು,4!,ಕೂ,ರ,ಲಾ,ರಾ,ಣೂ,ರೃ],ಣೂ,ಗೂ,21,,ಪೂ,ಣೊ,ಣೂ,ೂ,ಆ"
Sample268,ಗ,"ತ!,ಜು,ಣೊ,ಣ್ಗ;,ಣಃ,ಜಿ,ಉ.,!,ಗ್ಸ್‌ಣ,0%,ರಾಣ,ಕ,ಸಿ,೮೩,ದಿ,ಆ,ಗ,ಗ,ಣೂ,1,ಗ,೨0) ],ನಾ,2?,ಗ್ಗ"
Sample269,೧,"ಕ್ರ,0,ಣಾಶಿ,೧,೯,ಣಾ,!,4,ಣೌ,ಣು,ಣಿ),601,ತ,823,್‌,ು,ಲಾ',ಣಾ,ಣ್‌,ಣೆ,೧',ಣಿ,೧,ಣ್‌,ಣಿ"
Sample270,00,"೮೨),100,69ರ,ಖಿ,೪90,(""ಕಿಂ,(200,886,ಲಿ,00,0,(7೦,೨0,(0,(೨೦,ಎಲಿ,ರಿ,4೨0,೬೨0,(0,(೦0,00,ಣಂ,೮೦,0"
Sample271,('0:,"('0:,(೨,1018,ತ,ಡಾ,೭೦₹,ಠಿ,೮೨1,೯,(ಲೆವಿಂ,೮,೧,೧.,ಣಃ,64,,ಕ,ಛೊ,೪).,2.,ಲೆ,೧:,00,ಆ.,2"
Sample272,ತ್‌,"ತ್‌,ತ್‌,ತ,ತ್‌,7,ತ್ತ”,ತ್ತ್‌,ತ”,ತ್‌,ಶ್ರ,ತ,ತ್‌,ತು,ತ್‌,ತ್‌,ತ,್ತ್ಮ್‌,_್‌,ತ್‌,ಐ,ತ್ತ್‌,ತ್ತ,ಲ್‌,ತೆ,ವ್‌"
Sample273,ತ,"ತ,ತೆ,ತ್ತ,ತ್ರ,5,ತ,ತ್ತ,ತ,ಟ್ರ,ತ್ರ,ತ್ತ,ತ್ರೆ,ತೆ,ತ,ವ್ರ,ತ,ತ್ರ,ತ,ತ್ರ,(ತ್ರ,3,ತ್ರ,ವ್ರ,ತ,ತ"
Sample274,ಲೆ,"ತ್‌,ಪೆ,ಲೆ,ಲಿಂ,ತೆ,ಲೆ,ಕಿಕಿ,ತೆಕಿ,೨,20,38,ಅಲಿ,ತಿಕ,3,ಲ।ಟ,ಆತಿ,0,ಣಿ),೨%,ರಿ,ಈ,ರು,ತ.,ತೆ,390"
Sample275,ತ,"ದ್ಯ,ಲ್ರ,ತ,ತ,ತಿ,೨,6,ವೆ,ತ್ರ,ಆ,ತೆ,ತೆ,ಆ,೨,ತ್ರ,,ತ,5,ಲಿ,ಟಿ,ಟಿ,ಲ,ರ,ಲಿ,5"
Sample276,ತೆ,"1,ವ,ಶೇ,6,ಇ,೨(,ಲಿ,ತೀ,ತೆ,ದ್ರ”,ಕ್ರ,೨5,ಠಿ,ತೆ,ಡಿ,೨,೨,ರೀ,`,ತಿಕ,3,ಅ,ತೆ,ತಿ/,ಹ"
Sample277,ತು,"ತ,ತು,ತು,ಪ್ಪ),ಡು,ತು,ಮ,ಲು,ತ್ರ,ಶು,ತು,ಮಿ,ತ,ಯ,ತು,ತ್ತ,ತು,ತು,ತು,ಮ,ತು,ಛೈ,ತು,ತು,ತು"
Sample278,ತೂ,"ಪಗ,ತೂ,ತೂ,2,ಲೂ,ತೂ,ತೂ,ಛೂ,ತೂ,ತೂ,ತೂ,ಮೂ,ನೂ,ತೂ,ತೂ,ಕೂ,ಶೂ,ತೂ,ತೂ,ತೂ,(,ತೂ,ಶೂ,ತೂ,ತೂ"
Sample279,ತ್ರ,"ತ್ಫ,ವ್ಭ,ತ್ರ,ತೆ,6,ಪ್ರ,ತ್ಮ,ತ್ಬಿ,ತ್ತ,ತೃ,ಡ್ಫ,ತೈ,ತ,ಸ್ರ,ತ್ರ,ತ್ಫೃ,ಶೃ,ತ,ಮೈ,ತ್ಫ್ರ,ತ್ರ,ಟೆ,ತ್ಪ,ಕೈ,ತ್ಛಿ"
Sample280,ತ್ತ್ವ,"ಠ್ಫ,ತೆ್‌,ತ್ತ್ವ,ತ್ರಾ,ತೊ,ತ್ಥ್ರಾ,ಪ್ರಿ,ಟ್ರ,ಶ್ರ್ಶ,ತ್ಯ,ಲ್ಚೊ,ತ್ಳಾ,ತ್ರೆ,ತ್ವ,ತೃ,ತ್ತ್ವ,ವ್ಳೆ,ತ್ರಾ,ಕ,ತ್ತ್ವ,ಶ್ಫ್ರ,ತ್ರೊ,ದ್ಸ್ಯೆ,ಕ್ಕೂ,ತ್‌"
Sample281,ತ,"ರ,3,ತ,2,ತೆ,ತ,ಡ್ರ,ತೆ,ತ,ತ,ತೆ,3,ತ್ರ,ತ,ವ್ರ,ತ,ಶ,ತ,ಅ,ತ್ರ,ಫೆ,,ತೆ,ತ್ರ,ಲ"
Sample282,ತ,"3],ತ(,ತ,ಈ,ತೆ,ತ,ತೆ,ತೇ,ತ,ಶೀ,,ತೇ,ತೆ,ಟೆ!,ಶೇ,ತ,ತೇ,5,ತ,54,ತೇ,2,ತೇ,ವ,ತ,ತೆ"
Sample283,ತ್ರ,"ತ್ರೈ,ತ್ಸ,ಬೆ,ತ್ರ,ತ್ಯ,ತ್ಯ,ತ್ಚ,ತ್ರೈ,ಕ್ಟ,ಘು,ತ್ರ,ತ್ವ,ಟ್ರ,ಇ,ಶ್ರ,ಟೈ,ತ್ತ,ಛೈ,ಶ್ರ,ಲೆ.,ಹ,ಲ್‌,ತೈ,ತ್ಯೆ,ತ್ರ"
Sample284,ತೂ,"ತೂ,ಲೇ,ತ,ತೂ,ಲೂ,ಲೂ,ತೂ,ತ,ತೊ,ತೂ,ತೂ,ಶೊ,ತೊ,ತಣ,ತೂ,ತೊ,ರೂ,ಜೊ,ತೊ,ದೂ,ತಾ,ಲೊ,ವೊ,ನೂ,ಡೆ"
Sample285,ತೂ,"ತೂ,ತೂ,೮,ಛಲ,ಕೋ,ತೂ,ನಂ,ವ್ಫೂ,ತೂ,₹೭,ಟು,ಕೋ,ತೂ,ನೂ,ತ?,ಲೆ,ತೂ,ತೋ,ತಸ,ತೂ!,ತೂ,ನ,ಡೂ,ತೂ/,ತ್ರ"
Sample286,ತ್‌,"ಟಿ,ತ್‌,3,ತೆ!,34,ತೆ,8,ಟ್ರಿಂ,ತ್ತ,ತ್ರೆ,ತ”,ತ್ತೆ,_್ರ,ತಲ,ಕ್ರಿ,ತೆ,ನ್‌,ತ್ರ,ವ್ರ್‌,ತ್‌,ದೆಕಿ,ತಶಿ,ಡಿಟಿ,ತ್ರ,ಕೌ"
Sample287,30,"೨೦,30,30,ತೆಂ,30,ಶು,ತು,51),50,ವಂ,30,ತಂ,ತಂ,30,ತೆಂ,ತು,ಸಂ,30,ವಣ,ತಿಂ,(]॥,ತಂ,ತಂ,೦,0"
Sample288,ತಃ,"ರ,3ಃ,1,ತ್ಸ,೨),ತಃ,ವ್ರ,೨,ಅ,3,ತ್ರ್ಕಿ,ತಿ,ವ್ರ,ತೆ,3,ತ],೨,ತಿ,ತಃ,3॥$,3;,ತಿ$,ತ್ರ,ತ್ಳ್ಳ,ತ₹"
Sample289,ಥ್‌,"ಥ,ಛ್‌,ಛ,ರ್‌,ಥ,ಥ್‌,ಥ್‌,ಗ,ಥ್‌,ಥ್‌,ಣೆ,ಧ್‌,ಛ್‌,ಥ್‌,ಠ್‌,ಛಿ,ಥ್ಗ,ಥ್‌,ಥಿ,ಥ,4,ಥೆ,ಣ್‌,ಗೌ,ಥಿ"
Sample290,ಛು,"ಛಿ,ಛ,ಛಿ,ಛ,ಥ,ಛು,ಫ,ಛು,ಛು,೧,್ಲು,ಗ್ಗ,6,ಥ್‌,ಥ್‌,ಛು,ಥ,ಧ,ದು,ಛಿ,೧,ಛೆ,ಗ),ಛ,ಥಿ"
Sample291,ಥಾ,"(ತಿ,ದಿ,ಯ,ಛಿ।,0,ಲಿ,ಥಾ,ಛಾ,ಧಾ,ಲ,ಛು,(೨4,ಧಿ),ಇ,[ತಿ,(ಸಿ,ಧಾ,[,೧2,(ತ್ತಿ,ಧು,ಗೂ,ಥಾ,(20,ಗ"
Sample292,ಛಿ,"ಛಿ,ಧು,ಛು,ಗು,ಗು,ಧಿ,ಥಿ,ಛು,ಛಿ,ವಿ,ಛಿ,ಛಿ,ಛಿ,ಛಿ,(,ವು,ಉ,ಛಿ,ವು,ಥಿ,ೆ,ನು,ವಿ,ವಿ,ಛಿ"
Sample293,ಛೀ,"(ಛೀ,ಛೀ,ಛಿ!,ವಃ,ಟೈ,(|,ಥಿ,ಭೀ,ಛಿ!,ಧಿ,(,""1,(!,(೨,ಥೀ,ಗೀ,(೧(,ಛೀ,ವ,ಗ,ಓ,ಗಟ,ಗ,ಈ,೧"
Sample294,ಛು,"ಛು,(೨,ಥು,ಧು,ಗ್ಗ,ಗ),ಛು,ಲು,ಧು,ಛು,ಧು,ಛು,ಗು,ಛು,೧,ಛಿ,ಧು,ಛು,ಧು,ಛು,ಛು,ರು,ಧು,ಥು,ಛು"
Sample295,ಛೂ,"ಧೂ,ಛೂ,ಧೂ,ಛೂ,ಧೂ,ಥೂ,ಛೂ,ಥೂ,ಧೂ,ರ,ಛೂ,ಛೂ,ಥೂ,ಛೂ,ದೂ,ಭೂ,ಛು,ಛಿ,ಯಿ,ಛಾ,ಧೂ,ಥಾ,ಗ,ಛೂ,ಥೂ"
Sample296,ಛು,"ಛು,ಣ್ಬಿ,ಥು,ಕ್ಸು,ಛೈ,ಗ್ಗ,ಗ್ಸ,ಧೃ,ಛು,ಢ್ಸು,ಗ್ರ,ಗ್ಸು,ದ,ಧಿ,ಥ್ರ,ಛೃ,ಛ್ಟ,(ಬ,ಧಿ,ಛ್ಬ,ಛು,ಛ್ಚ,ಛ್ವ,ದ್ಸೃ,ಥ್ಸಿ"
Sample297,ಛಾ,"ಗ್ಗ,ಛೂ,ಛಾ,ಜ್ಞ.,ಛಿ,ಧಃ,ಥಾ,ಛ್ಸಿ,ಧ್ಸ-,ಗ್ರ,ಛ್ಳಾ,ಛಾ,ಛ್‌,ಛ್‌.,ಥ್ಸಃ,ಡ್ಸ್ಯ,ಥ್ಸಾ,(.,೧೪,ಡ್ಸೂ,ಛ್ಸ್ವ,ನ್ಟ,ಥ್‌,ರಃ,ಣೌ"
Sample298,ಛಿ,"ಥಿ,ಗು,ಛಿ,ಗ್ಗ್‌,ಗ್ಗ,ಛೆ,ಛಿ,ಥ್‌,ಛೆ,ಥ,ಗಿ,ಛೆ,ಗ್ಸು,ಥಿ,_,ಛು,ಧಿ,ು,ಥೆ,ಛಿ,ಛಿ,ಥೆ,ದ್‌,ಛ,ಥಿ"
Sample299,ಛೇ,"ಇ,ಥೇ,ಗ,ಛೇ,ಥೀ,ಛೀ,ಧೀ,ಥಃ,ಛೀ,ಥೀ,ದಿ,ಥೆ!,ಛಿ,ಗೀ,ಧೆ!,ಧೇ,ಛಿ,ಛೇ,ವೀ,ಛು],ಕ,ಲ,ಥಃ,ದೆ,ಗ್‌"
Sample300,ಗು,"ಣ್ರ,ಛ್ಳ,ಗು,ಥ್ಸ,ಥಿ,ಯ,ಛು,ಛಿ,ಠ್ಸ್ರ್‌,ಉ,ಗ,ಗ್ಸ್ದ್‌,ಗು,ಣು,ಫ್ಟ,ಥಃ,ಗ್ಸ್ಗ,ಛ್ಫು,ಛ್ಯ,ಗೈ,ಛ್ಹ.,ಥ್ಸ,ಗ್ಸು,ಧ್ಸೈ,ಛಿ"
Sample301,ಛೂ,"ಛೂ,ಠೂ,ಛೂ,ಛೂ,ಗೂ,ಗ್‌),ಭೂ,ಲೊ,ಥೆ,ಛೊ,ಥೂ,ಣೆ,ುೂ,ಛೂ,ಧೂ,ಧಣ,ಧೂ,ಥು),ಥೂ,ಛೂ,ಛಾ,ಲೂ,ಗ್ಗ,ಠೂ,ಬೂ"
Sample302,ಛೂ,"ಯೋ,ರೂ/,ಭಃ,ದ,ಥೋ,ಥಿ,ಣ್‌!,೧,ಗ್ಷೂ/,ಮೊಲ,ಠೂ,ಧು,ಧೂ,ಭೂ,ಛೂ,ಲೂ,ಫೋ,ಛೊ,ಛಿ,ಗ್ಗ,ಛೂ,ನೂ,ಫೋ,ಛೂ!,ಥೂ"
Sample303,ಛ್‌,"ಛಿ"",ಗೌಟಿ,ಗಃ,ಛ',ಥ್‌,ಥೆ"",ಛ್‌,ಕ್ತ,ಗ್ಸೆ,ಗು,ಗ್ಗ!,ಥ"",ಛ್‌,ಛ್‌,ಗ್‌,ಣ,ಥಃ,ದು,ದ್‌”,ಛಕ,ಠ್‌,ಗ್‌,ದ್‌,ಥ್ಸಿಃ,ಫ್‌"
Sample304,ಛಂ,"ಛಂ,ಥಿಃ,(೧1,ಛಿಂ,ಛಂ,ಥಿಂ,ಛಂ,ಗಂ,ಡುಂ,ಥಂ,ಗುಂ,ಥಂ,ಛಂ,ಛಂ,ಗುಂ,ಛಂ,ಥಂ,ಥಂ,ಥಂ,ಛಂ,ಥಂ,ಹಂ,ಶಂ,ಧಂ,ಗಂ"
Sample305,ಛಃ,"ಣಾ,ಥೆ:,ಗಃ,ಛಿ;,ಗ್ಗೌಃ,ಧಃ,ಣ್‌,ಛಿ,ಇ
೦
ಗಃ
|,ಛಃ,ಥಃ,ಛಿ:,ದ,0:,ಗಃ,ಣ್‌,ಛ&,ಧಿಃ,ಥಿ,ಛಃ,ಧಃ,ಛಃ,1),ಛಃ,ಧಿ"
Sample306,ದ್‌,"ದ,ಡ್‌,ದ,ದ್‌,ಣ್‌,(೨?,ಡ್‌”,(5,ಈ,ದಂ,ದ್‌,ಜದ,ಗೌ,ಡ್‌,ದ,ಡ್‌,ದ್‌,ಛ್‌,ಣ್‌,ದ್‌,ದ,ದ್‌,ದ್‌,ಡ್‌,ದ್‌"
Sample307,ದ,"ಧಿ,ದ,ಯಿ,ದವ,ದ,ದಿ,ಕ್ಷ,ದ,ದ,ದ,ದ,ದು,ದ,ದಿ,ಯಿ,ದಿ,ದ,ದ,ಔ25,ದ,ಯಿ,ದ,ಛು,ದ,ದ"
Sample308,ಬಿ,"ಬಿ,ಜಃ,ವಿಂ,5],(3,ಓತಿ,ಲೊ,ಬಿಂ,ಸಾ,ಗ್ರ,ಣ್ಣು,ಛಿಕಿ,ಬಿ,(೨೦,[ಕ,ಉಿಕಿ,0ರ,೬2,ಉಂ,ಬಿ),ಓಂ,ಐಎ,'ು,[ಬಂ,ಛಿಕಿ"
Sample309,ಬಿ,"ಬಿ,ದಿ,ಗಿ,ಕೌ,ಬಿ,ಬಿ,ಬಿ,ವಿ,(ವಿ,ಕ್‌,(,ಪಿ,(೨,ದಿ,ಛಿ,ು,ಗು,ದಿ,ದಿ,ವಿ,ಓ),(ು,ವಿ,ಛು,(೨"
Sample310,ದೀ,"|,ಬಿ,(ವೀ,((,ದಿ,ಧಿ,ವ,೧],ಗ್ಪೇ,ಅ,(,೦ಿ(,ದೀ,೧,(ಕ್ಮ!,66],ದಿ,ದಿ!,೦,|,ವಿ!,ಲ,ದೀ,ಜ್‌,ದೀ"
Sample311,ದು,"ದು,ದು,ಡು,ಯು,ದು,ದಿ,ಯು,ಛು,ಗ್ರ,ದು,ುು,ು,ದು,ಕಾಶ್ರಿ,ಯು,ಕ್‌,ಯಿ,ದು,ಕಾ,ದು,ದು,ಯಿ,ಯಿ,ಯು,ಯು"
Sample312,ದೂ,"ನೂ,ದೂ,ದೂ,ದೂ,ದೂ,ಯೂ,ದೂ,ದಾ,ದೂ,ದಾ,ದೂ,ರೂ,ದೂ,ದೂ,ದೂ,ಕಾ,ದಾ,ಮಾ,ದೂ,ಛಿ,ದೂ,1,ಛೂ,ಯೂ,ದಿ"
Sample313,ದೃ,"ದ್ಳಿ,ದೃ,ದ,ದ್ರು,ದ್ಶ,ದ್ರ,ದ್ಶ,ದ್ಭು,ದೃ,ದ್ಳ,ಲ್ಭ,ದೃ,ದ್ಶು,ದ್ಬು,ದ್ಭಿ,ಲ್ಪ,ಯ್ಭ,ದ್ಬು,ಗ್ಸ),ದೃ,ದ್ಭು,ಛ್ಭಿ,ಛೃ,ಧ್ಫು,ದುಃ"
Sample314,ದಾ,"ದ್ಯ,ದ್‌,ದಾ,ದ್ಸ್ನ,ದ್ಲ್ದ,ದ್ಭಃ,ಕ,ದ್ಮಿಾ,ಯ್‌,ದೃ,ದ್ಯಾ,ದ್ರಾ,ಬ್ಬ,ಯಾ,ದ್ಭ,ಯೈ,ಲಂ,ದ್ಛೇ್‌,ಯ್ರ್ತ,ದಾ,ದ್‌,ದೂ,ದ್ರ್ಸಿ,ದ್ಳಃ,ದಾ"
Sample315,ದ,"ದಿ,ಧಿ,ದಿ,ದಿ,ದ,ದ,ಕಾ,ಜಡ,ದ,ದ,ಡಿ,ಕಾ,ದೆ,ದ,ದ,ದಿ,ಔ)',ದ,6,ಜಿ,ಯಿ,ದ,ದೆ,ದೆ,ಔಡ"
Sample316,ದ,"ದ್‌,ದ,ಥೇ,ಯಿ,ಔ],ದೀ,|,ದೀ,ದ,ದೇ,ದ,ಸ,ಣೆ,ದ,ಸ್ರೀ,ದಿ,ಗಃ,ದೆ!,ಣೆ,ದ,ದೇ,ದೇ,ನೀ,ಛೀ,೧"
Sample317,ಲ್ವ,"ದೆ,ದ್ಭ,ಣಿ.,ದ್ಸಿ,ಬೃ,ಲ್ವ,ದ್ಯ,ಯ್ವ,ರ್ರ,ದ್ಕಿ,ದ್ಯ,ದ್ಯಿ,್ರ್ಸು,ದ್ಕ,ಲ್ಭ,ೌೆ,ಗ್ರ,ದ್ವ,ದ್ಸ್ದ,ಲ್ವ,ದ್ದ,ಸೆ,ದ್ಬಿ,ಗು,ಯಿ"
Sample318,ದೂ,"ದೂ,ಬಿಣ,ದೂ,ದೂ,ದೂ,ದೂ,ಛೂ,ಧೂ,ದೊ,ದೂ,ದ,ಯೂ,ಯೂ,ಯಾ,ದೂ,೫?,ದೊ,ದ,ದೂ,ಡೂ,ದೂ,ದೂ,ದಾ,ದೊ,ಯೂ"
Sample319,ದ,"ದೌ,ವಿ,ದ,ಯ,ಛೊ,ದ,ದೊ,ಡೂ!,ದೂ!,ದೋ,ೂ/,ದಿ,ದಿ!,೧,ದೂ,೧,ಗೂ,ದು,ದೂ,ಲೋ,2೪,ಣೆ).,ಕಾ,ಗ ಯೋ,ದ"
Sample320,ದಕ,"ಧೆ,ರ್‌,ಗಃ,ದಿ,ನ್‌,ದಕ,ದ4,ದು,ಛಾ,ಓ3,ಸ,ಡ್‌,ವ್ರ,ದ,ಊ,ದ್‌,ಛಃ,ಗುಳಿ,ದಕ,ದ”,ದಕಿ,6,ದ್‌,ದ,ದ”"
Sample321,ದಂ,"ದಂ,ದಂ,ದಂ,ಬಿಂ,ಗಂ,ದಂ,೦,ುಂ,0,ದ೦,ರಂ,ಕ,ದಂ,ದಂ,ದಂ,ಯಂ,ದ0,ಬಿಂ,ಗಿರಿ,ದಂ,ದಂ,ದಂ,ದುಂ,ಎಂ,ದ೦"
Sample322,ದಃ,"ದಿ,ಔಃ,ಕಾ,ಯಃ,ದಿ,ಛ8,ನಿ,ದಃ,ದಃ,ಊ,ದಃ,ಈ,ದ,ದಃ,ದಃ,ಸೇ,2,ದಃ,ದಸ,ದಿಃ,ದ,ದಃ,ದ:,ಣಾ,ರಿ"
Sample323,ಧ್‌,"ಕು,ಛ್‌,ಛ್‌,ಧ,ಜ್‌,ಧ್‌,ಛಿ,ಧ್‌,೧),ಕಾ,ಛ್‌,ಧ,ಛಿ,ಠೌ,ಢ್‌”,ದ”,ಛ್‌,ಧ್‌,ಛ,ಧ್‌,ಧ,ಛ,ಧ್‌,ಕಾ,ಥೆ"
Sample324,ಛಿ,"ದ,್ರ,ಧ,ಧು,ಧ,ಗ್‌,ಛಿ,ಛಿ,ಧಿ,ಧ,ಧಥ,ಗ,ಛ,ದು,ಗ್ಗ,ಥ,ಛ,ಛು,ಛು,ಛಿ,ಧಿ,ಧ,ಧಿ,ಛಿ,ಛಿ"
Sample325,ಧಾ,"(ವಿಪಿ,ಧಾ,(೨1,(೨೪,ಛ್‌,ಭಿ,ಊ,ಧಾ,[1,ಿ,ಧಾ,ಛಿ,ಯ,(|.,(ಟು),ಓ.,ಟಿ?,ಭು,ಭಿ,೧೪,(ವಿ),ವಿಲ,ಸು,ಗ್ರ೨8,ಉನಿ"
Sample326,ಛು,"(),ಧಿ,ಗ),ಛೆ,(2,ವಿ,(ವಿ,ಛು,(ಿ,ು,(,ಿ,ಬು,ಛಿ,ಛು,(೨,(4,0,ಛಿ,ಫಿ,ಛು,ಛಿ,(೨,(2,ಗವಿ"
Sample327,ಛೀ,"ಧಿಃ,ಛೀ,ಥ್‌,ಛಿ,ಈ,ಧಿ,ಕ,ಬ,ಛೀ,ಛಿ!,೦,ಧೀ,ಛು,ಗಿ,(),ಧಃ,(ಿ(,ಛಿ"",(೨,ಉೀ,ಛೀ,(೨,(1,ಣಿ!,ಕ"
Sample328,ಧು,"|,ಧು,ಧು,0,ಗ್ನು,ಛು,ಧು,ಮು,ಧು,ದು,ಕ್‌,ದು,ಧು,ದು,ಧು,ದು,ಧು,ಧು,ಔ,ಗಾ,ಗ),ಧು,ಛು,ಧೆ,ಛು"
Sample329,ಧೂ,"(42,ಛೂ,ದೂ,ಥೂ,ಛ,ಥೂ,ಧೂ,ಛೂ,ಛಾ,ಧೂ,ಧೂ,ಧಾ,ಧಾ,ನೂ,ಧೂ,ದೂ,ಗ,ಛೂ,ಧೂ,ಧೂ,ಧೂ,ಛೂ,ಗೂ,ನು,ಛೂ"
Sample330,ಛು,"ಧ್ಭ್ಯ,ಧ್ಫಿ,ಉ,ಭ್ಭು,೧],ದ,ಛು,ಛ್ಫ,ಛಿ,ಧೃ,ಧ್ಪ,ಧೃ,್ಸ),ಛಿ,ದ್ಗು,ಗ್ರ,ಛೃ,8),ಧು,ಛು,ಧ್ಸೃ,ದ್ಧಿ,ಯಛ್ಬ,ಗ್ಸೆ,ಗ"
Sample331,ಧ್ಸಿ,"ಛಾ,ಧ್ರ,ಥ್ಯಾ,ಗ,ಛ್‌,ಧ್ಸಿ,ಥಿ,ಗ್‌,ಛೂ,ಧ್ಯ,ಧ್ವ,ರ್ಯ,ಗ್ರ,ಗ್ಲ್ವು,ದ್ನ,ಥ್ಸ,ರ್ವ,ಛ್ಛಾ,ಉ,ಧಾ,ಧ್ಸಿ,ಧ್ಸ,ಗ್ಸ್ಹ,ಛಃ,ದ್ಧ"
Sample332,ಛಿ,"ಗ್ಲಿ,ಧಿ,ದಿ,ಛಿ,6,ಧೆ,ಛೆ,ಧಿ,ದ್ಧ,ಥಿ,ಛಿ,ಛಿ,ಗ,ನ,ದಥ,ಛೆ,2,ಣಿ,ಧಿ,ಧು,ಧ,ಛಿ,ಥಿ,ಛು,ಛ"
Sample333,ಛೇ,"ಥಿ!,ಗು,ಗ!,ಛಿ,ಛಿ!,ಧಿ],7,ಛೇ,ಭೀ,ಕ್ಷ,ಛೇ,ಗ,ಥಃ,ಥೇ,ಛೀ,ಧೀ,ಧೆ,|,ಉ,ಛೆ,ದೆ,ದೀ,2),ವ,ಛಃ"
Sample334,ಛ್ಸ,"ದ್ರು,ದ,ದಿ,ಛೈ.,ಛೆ,ಗ್ಸ್ನೈ,ಧ್ರ,ದ್ನ,ಛ್ಸ,ಧ್ಶ,ಧ್ಯ,ದ್ರ,ಕಾ,ಗ್ರ,ಗ,ಓಔ.,ಗ್ಸ್ಕ,ಣೆ,ಪ,ಗ್ಯ,ಥಿ,ಗ್ರ,ಧ್ಭ,ಛ್ಸ,ಛ್ಟಿ"
Sample335,ಧೂ,"ಗೊ,ಧೂ,ದೂ,ಲೂ,ವೂ,ಊ),ಛೊ,ಛೂ,ುೂ,ಛಿ,ಧೊ,ಧೊ,ಭೂ,(,ಥೂ,(6,ಥೆ,ಥೂ,ಧೂ,ಛೊ,ಈ,ಛೊ,ಧೂ,ಛಾ,2"
Sample336,ಛಿ,"ದ,ಧೋ,ಛಿ,ಣೂ,ದೂ,ಉಣ,ಧಾ,ಛೂ(,ೀ.,ಗ್ಲಃ,ದೂ,ಛಿ,ನೋ,ಧೊ!,ಛೋ,ರೋ,ಇಂ,ಧೂ,ಉಕ,ಥೊ/,ಜೂ!,ಛ/,ಛೂ,ಮೊ,ಛೊ"
Sample337,ಛೆ,"ಥಿ,ಧೆ,ಧೆ”,ಥ್‌,ಓಕ,€ಿ,ಛೆ,(',| ಓಟ೦ಟ (ಓಟ ಟಿ। | | ಓ | ಟ್‌,ಛ್‌,ಧ',ಛಿ,ಡೆ,ಛ್‌,ಯ,ಛೆ,ರಾ,ಜು,ವ್‌,ಧೌ,ಢ್‌,ಉಣ,ಧೆ।,ಹಿ,ಛೆ"
Sample338,ಧಿಂ,"ಥಂ,ಧಿಂ,೦,0,ಧಂ,ಛು,ಛಂ,ಗುಂ,ಥಿಂ,ಡಿ,ಭರಿ,ಛರಿ,ರಿ,ಗೌಸ,ಥ್ಫಿಃ,೦,ದಂ,ಛಿ,ವಂ,ಗಂ,ಲ,7೫0,ಧಿಂ,ಗ್ಗುಃ,ಹ"
Sample339,ಥಿ,"೧ಿಃ,ಥಿ,ರು:,ನಃ,ದಃ,ಛಿ!,68,ದಃ,ಧ್ಗಃ,ಕಾ,ಥಃ,ಥಿ,ಕಾ,ಛಃ,ದ,ಛಃ,ಧ&,ಗ,ಗುಃ,ಥಿಃ,[7,ಛ8,ರು,ಧು,ಛು"
Sample340,ನ್‌,"ನ್‌,ನ್‌,ನ್‌,ನ್‌,ನೆ,ನೆ,ನ್‌,ನಾ,ನ್‌,ನ್‌,ನ,5,ನ್‌,ನೆ,ನು,ನ,ವ್‌,ನ್‌,ನ್‌,ಹ್‌,ನ್‌,್ರೌ್‌,್‌,ತೆ,ನ್‌"
Sample341,ನ,"ನ,ನ,ನೆ,ನ,ಹ,ನ,ವ,ನ,ಎ),ನಿ,ವೆ,ಷಾ,ನ,ನ,ನಿ,ವಿ,ನ,ನ,ನ,ನ,ದ,ಛೆ,ವಿ,ವಿ,ನಿ"
Sample342,4,"4,ಸೃ,ಪಿಲಿ,ಣಿ,ಾ,ಕಿ,೧4,ಣಿ,ನು,ಣಿಂಿ,ವಂ,ನಿಂ,ದಿ,ುು,ನಿಂ,ಣೊ,ಠಿ.,ನಿ್‌,ಣಿಕ,೨4,೧೨೬,ದಂ,4,೧,ನ"
Sample343,ವಿ,"ನು,ನಿ,ವಿ,ವಿ,ದು,ಣು,ವ್ರ,ಣು,ನಿ,೧೨,ಸ್ರ,ವಿ,೦,೧೨,೦,ಣು,೧,ಗು,ವಿ,ದಿ,/ಅ,ವಿ,ನಿ,ಣು,೧ಬಿ"
Sample344,ವಿ,"ಎ?,೧೫,ಎ,೦],ನಿ?,೪,ವಿ,ನಿ,ಣ್‌,ವಿ,ವಿ,/ನ,ಟಿ,೮,೨!,ಲ,ಇ,ನೆ,ಗೀ,ನಿ,ನೀ,ಣಿ,ದೀ,ನಿ/,ನ್‌"
Sample345,ನು,"ನು,ಸು,ವ,ಯು,ನು,೦,ಮು,ನು,ನು,ನು,ಸು,ನು,ನು,ವ,ನು,ನು,ನು,ನು,ಸ್ಪ,ನು,ಯು,ನು,ಮಿ,ನು,ನು"
Sample346,ನೂ,"ನೂ,ನೂ,ನೂ,ನೂ,ನೂ,ನೂ,ಸೂ,ನೂ,ನೂ,ನೂ,ನ),ಸೂ,ನೂ,ನೂ,ನಾ,ಸ್ಸ,ನೂ,ನೂ,ನೂ,ನಾ,ಮೂ,ನಕ್ರಾ,ಮೂ,ನೂ,ನೂ"
Sample347,ನ್ಭ,"ನ್ಫಿ,ದ್ಭ,ವೃ,ಣು,ನ್ಭ,ನ್ಭ್ರ,ನ,ನೆ,ನಿ,ನ್ಯ,ನ್ಭ,ವೃ,ನ್ಭ,ನ್ಳಿ,ವ್ಸ,],ನ್ಳ,ನಿ,ನ್ಭ,ವ್ಪಿ,ಣ್ಭಿ,ವ್ಧೃ,ನ್ಭ,ನ್ಪು,ಣಂ"
Sample348,ನ,"ಸ್ಯ,ನ್ಭ್ರಾ,ನ,ನಾ,ದ್ಭಃಾ,ನ,ಣು,ನ್ಯಾ,ನ್ವ,ನ್ಟ,ರ್ಸ್‌,ಷ್ಲ್ದ,ನ್ಯಾ,ನ್ಟ,ನೃ-,ವ್ಯ,ಪಾ,ನ್ವ,ನ್‌,ನ್ವು,ನಿ,ದ್ಯ,ಸ್ಸ,ನ್ಯು,ನನಾ"
Sample349,ನ,"ಹ,ಗ್‌,ನ,ಎಷ,ನ,ಇ,ಸ,ನ,ನೆ,ವ್‌,ಸಾ,ಇ,ನ,ನ್‌,ನ,ನಿ,ನೆ,ನೆ,ವೆ,ನೆ,ನೆ,ವಿ,ವಿ,ನ,ನ"
Sample350,ನೇ,"ದವೇ,ತೇ,ಸೇ,ನೆ,ನೇ,ನೆ/,ನ,ನೆ,`ೀ,ವೆ,ನೇ,ನಿ,ನ,ನೆ,ಈ,ನ,ನೆ?,ನ್‌್‌,ನೇ,ನಿ,ನ,ನೇ,ಗೇ,ನೇ,ಸ]"
Sample351,ನ,"ವ್ಚೆ,ನ,ನ್ವ,ದ,ಇ,ವ್ಟ,ನ,ನ್ಯ,ನಿಕಿ,ನ್ಮ,ನ್ಯ,ನ್ಯಿ,ಹಾಳೆ,ಸೆ,ಸ್ಸ,ಗು,ನ್ವ,ವ್ಫೆ,ನೈ,ನೆ,ವು,ಇ),ಛಿ,ನ್‌,ನ್ಫಃ"
Sample352,ನೂ,"ಯೂ,ನೊ,ನೂ,ನೊ,ಸೂ,ಹೊ,ಗೂ,ದೂ,ನೂ,ನ್ಗು,ಮೊ,ನೂ,ನೂ,ನೂ,ನೊ,ನೊ,ನೂ,ನೂ,ನೂ,ನೊ,ನೂ,ನೂ,ಮೊ,ನಾ,ನೊ"
Sample353,ನೂ,"ಇ),ವೂ,ನೂ,ನೊ!,ನೂ,ಗೋ,ಮೂ!,ನೂ!,ನ,ನೊ,ಮೊ,ನಸ,1,ಮೊ,ನೋ,ನೂ,ನೂ/,ನೂ,ವಾ,ನೂ?,ಮೂ!,ನೋ,ನಾ,ನಾ,ನೆಣ"
Sample354,ನ್‌,"ನಿ,ನ),|,ಣೆ,ವ್‌,ದ್‌್‌,ನ್‌,ನೆ,ನ!,ನ್‌,ನ,ದ್‌,ನಃ,ನ್‌,ನ್‌,ನೌ,ನಕ,ವ್‌,ನೆ,ಯ್‌,ನೆ್‌,ಮಾ,ನ್‌್‌,್‌,ವೆ"
Sample355,ನಂ,"ಸಂ,ಸ,ನಂ,ನಂ,ಕಿ,ನಿರಿ,ನಂ,ವಿಂ,ವಂ,ನಂ,ನಂ,ಸಂ,ನಿಂ,ನಂ,ನಂ,ನಂ,ನಂ,ಎಂ,ನಿಂ,ಇಸ.,ನಂ,ನಂ,ನಿಂ,ನಂ,ನಿಂ"
Sample356,ನಃ,"ಎ,ನಿಕ್ಫಿ,ವಕ,ನ$,ಣಃ,ಹಾ,ವ:,ರಃ,ನಿಃ,ವಿ,ವಕ,ದಃ,ನಃ,ನಃ,ನ:,ಎ1,ನ,ನ;,,ನಃ,ನಃ,ನಿ,ನಃ,ನಃ,ನಿಕ್ಕಿ"
Sample357,ಪ,"ಪೆ,ವ,ತ್‌ು
೦೨,ಉು,ತೆ,“ಕ”
(ಆ),ಶ್‌,ಪ,ಸ್‌,0,ದನ,ಖ್‌,ಶ್‌
ಲ್ರ೨,್ಲ,ಲು,""1,7,ಲ,ಲ್‌,ಆರ್ಟ
೨,ಪ,ಕ
ಲು,“ರ್‌ಂ
ಪಿ,ಈ,ರ್‌
ಕ"
Sample358,ಲ,"ಲ,2),ಆ,5,ರ
೦೬),೭೮,ಪ,ಇ
ರು,ಲೆ),ಫ್ರ,ನ,ಲ,ಯಿ,ಪ,ಪು,ಪ,ಪ,ವ,ಯಿ,ರ
ಲು,ಲ,ಲ,ದ್‌್‌
ಲ),ಇ,ಹಿ"
Sample359,ಖಿ,"ಲೂ,0),ವಿ,೨೫,22,ಬಸ,ಅಸ,ಖಿ,ಲಿಪಿ,ಲ್‌,ಲ,ಲಕಿ,೫;,ಆದಿತಿ,ಲಲೆಲಿ,ಲು,೮8,ಖಿ,ಉುಸಿ,01,2,ು],ಲಕಿ,ಲು],೧೨,"
Sample360,ಲು,"ಲು,ಉ,ಲ),ಅ
೨,ಆ,ಲ),ಲು,ಲಿ,9
೨,ಬಿ,ಲಿ,ಯಿ,ಠಿ
ಲ್ರ),ಲು,ಮಿ,ಲಿ,),ವಿ,ಆ,ಮಿ,ಲು,ವಿ,ವಿ,9
ಆ),ಲು"
Sample361,ಲೀ,"ಪ,ಲೆ,೨],ಯಿ,ಲೀ,ಲ,ಲು?,ಲ,೨),ಛೀ,ಲು,ಲವ,ಲಿ,ಆ?,ನ,ಲೀ,0,ಆಖ,ಖೀ,ದಿ(,ಲೀ,ವಿ!,ಲ,ಆಲ!,ಈ"
Sample362,ಮು,"ಲು,ಮು,ಲು,ಸ,ಮು,ಲಃ,ಮು,ಪ,ಯಿ,ಮಿ,ಮು,ಜೆ,ಯ್ರಿ,ಯು,ಯ,ವಿ,ಯು,ದ್‌ೆ,ಮು,ಖಿ,ಪು,ಪು,ಮಿ,ಯು,2"
Sample363,ಮೂ,"ಖೂ,ಮೂ,ಮ,ಲೂ,ಮ,ಯೂ,ಕೇ,ಲೂ,ಶೂ,ಹೂ,ವೊ,ಪೂ,ಲೂ,ಮೂ,ವೂ,ಖೂ,ಮೂ,ಪೂ,ಪ್ಲ,ಮೊ,ಈ,ಮೂ,ವೂ,ಲೊ,ಪೂ"
Sample364,ಲು,"ಮಿ,ಸ್ಭ,ಸ್ಸ,ಪ್ಪು,ವಿ,6
ಟ್ಬು,ಸ್ಪ,ಲ್ಸ,ವ್ಭ,ವು,ಖ್ಸು,ಟ್ಟು,ಪ,ಫು,ಲು,ತ್ಳು,ವ್ಳಿ,ಬಿ,ಲು,ಬ್ಬ,ಪ್ಪ,ಲಿ,ಲ್ಯ,ಲ್ಭು,ಲ್ರು"
Sample365,ಪ,"ಖ್ಟಾ,ಯ್ಫ್‌,ಜ್‌,ಪೊ,ಪ್ಛುಾ,ಪ್ಫೊ,ಪ,ಯ್ವ,ಬ್ಳೆಾ,ಲ್ಟ್ಸ್‌,ಸ್ಟ,ಯ್ಛ್ರಾ,ಖೂ,ಲ್ತಿ,ಪ,ಸ್ಟಾ,ಪ್ಫಿ,ಲಾ,ರ
ಲವಿಟ್ರು,ದ್‌
ಲು,ಸ್ರ,ಪ್ರಿ,ಖಾ,ತ
ಆಲಾ,ಪ"
Sample366,ಪ,"ನು,ಸು,ಪೆ,ಕೆ”
ಲುವಿ,ಪ,ಶ್‌
ಆ.ಎಿ,ಖೆ,ಷಿ
ಕ,ತ,ಸ್ರ,ಉ,ಇ್‌ೌ
ಲ,ಪಿ,ಪಿ,ಏ,ಖಿ,ಖಿ,ಛಿ,ಪ,ಲ್ಲ,ಈ,ಕ್‌
ಲ,ಜಿ,ಇ
ಲಿ),ದ"
Sample367,ಪೆ,"್‌,ಪ,ವಿ?,ಪೆ,ಲ,ಪೆ,ಪ/,ಮ,1,೨,ಲ,ಖೇ.,ಪೆ,ಕೇ,|,ತ್ನ,ಸಿ,ಪೇ,ಪೀ,ವೀ,ವಿ,ಲಿ,ದಿ(,ಲ],ಐ"
Sample368,ವ್ಯ,"ವ್ಯ,ಶ್ಕು,ಗೆ,ಖ್ಭ್ರ,ಪೃ,ಸೆ,ಲಿ,ಖೈ,್‌್‌
ಆ,ಪ್ಟಿ,ಪೈ,ಲ,ಪ,ಮೈ,ಪ್ಶಿ,ಯಿ,ಪ್ಪ,ತ,ಖ್ಚ್‌,ವ್ವ,ಯ್ಯ,ಲ್ಭ,ಲ್ಛಿ/,ಲ್ಪ,ವ್ಬಿ)"
Sample369,ಪೂ,"ವಣ,ಲೊ,ಪೂ,ಸೂ,ಪೂ,ಬ,ಜೇ,ಪೂ,ಮ,ಯೂ,ಪೂ,ಪ್ರೊ,ಮಣ,ಬೂ,ಮೂ,ತ್‌],ಲೊ,ಲ,ಬ],ಲೂ,ಬ,ಮೊ,ವೂ,ಪೊ,ಖೊ"
Sample370,ಪೊ!,"ವ್ಸೋ,ಲೊ,ವೀ,ಮೋ,ವ,ಪ್ರೋ,ಸಿ,ಪೊ!,ಕೆ,ಲೋ,ಯೊ!,೬,ಕಿಣಿ,ಆಡ
ಲು.,ಲ|,ಲಿ,ಹಿಳೆ,ಮಂ,ಯೂ,ಪೊ!,ಪೂ!,ಲೂ,ಕ್ಸೀ,ಲ,ಯಿ)"
Sample371,ಸ್‌,"ತ್ತ್ಠು
ಲಿ,ಖಿ,್ಳ6ಿ
ಯು,ಖಕ,ಜ್‌,ಸಿ,ಸ್‌,ಶಿ,,ಆಶ),ಶಿ,ಥ4,ಘಃ,ಯಂ,ಉಕ,ಪ,ತು,ಸ್‌,ಲಿ,“ರ್‌
ಲವಿ,ಶ್‌
೮),ಕ್ಸ್‌,೮),2,ಕಶಿ
೬೨)"
Sample372,ಪಂ,"ಖು
೦,ಏರಿ,ಪಂ,ಂ,ಲುಂ,ಛಿ,ದಂ,ಲಿ,ಲ,ಪಂ,ಎಂ,ಪಂ,ಏಂ,ಪಂ,ತ್ಛ್ಸು,ಉಂ,ಯು,ಹೆ,ಮುಂ,“್‌”
ಉರಿ,ಸರಿ,್‌ೇ,0,ಮಂ,ಲಿಂ"
Sample373,2,"ತಶಿ,ತು,ಲುಕ್ಲಿ,ಲಿ,ಡ್‌
ಎ.,ಲಃ
ಠಿ,ಆಂ,ಮಿ:,2,2,ಪಃ,ನಸ
ರ,ಹಕ,೮.೦
(ಟಿ೧ಂ,ಪಃ,ಕು,ಕೆಂ
ವಿ.,ದ್‌್‌
(ದಿ,೮,ಇ
ಲಿಂ,ಕ
೨,ಲು$,ರಂ
ಲಂ,ಐ:,ಪಿ"
Sample374,ಫ್‌,"ಫಿ,ಛಿ,ಫೆ,ಫ್‌,ಪ,ಫ್‌,ಲೌ,4
ಲು,ಲ,2,2,ನಿ,ಘ್‌,ಛ್‌,ಲ್‌,ಥೆ,ಕ್‌,ಫ್‌,ಘ,ಲೆ,ಲ್‌,ಠೌ,ಫ್‌,ಥಿ,ಲ"
Sample375,ಫ,"ತ,ತ್ಸ,ಛ್ಳ,ಫು,ಫ,ಛಿ,ಫಿ,ಛಿ,ಲ್ಲ,ಥ,ಥ್ರ,ಲ,ಲ್ಸ,ನ,ಫ,ವ),ಫಿ ಕ,ಟೆ,ಫೆ,ಫೆ,ಫಥ,ಖೆ,ಲ್ಪ,ು
ಲವ,ಫಿ"
Sample376,ಲ,"ಲಲ,%,ಫೌ,ಲ),ಛು!,ಬು,4,ಲ.,ಧು,ಲಕ,ಲಿಪಿ,ಘಾ,ರಾ,೮6,ಫಾ,ಆ,ಲು,ಲ,1,ಕಾ,ಲ,ಆಖ,ಛಂ,ದ,ಠಾ"
Sample377,ಛಿ,"ಮಿ,ಲ),ಛಿ,ಫಿ,ಯ),ಟು,ಲು,ವಿ,ಥಿ,ಸ,ಅ),ಛಿ,ಫಿ,ಲ
ಲ,ಫಿ,4,ಛಿ,ಫಿ,ಖಿ,ಛಿ,ಲ,ಲ್ಟು,ಲ,ಛಿ,ಲ"
Sample378,ಲ,"ಲ್ಲಿ,ಲ,ಫೀ,೮೨೮,ಸ!,ಲ,ಯ,ಲ,ಫಿಃ,1,ಫಿ,""1,ಲು?,ಸ,೮(,ಛೀ,ಯಿ,ಲ
ಆು6,ಲು,ಛ್‌,೦
(2,ಲ),ಫಿಃ,ಫಿ,ಛಿ!"
Sample379,ಘು,"ಘು,ಛು,ಚ್‌,ತು,ಘು,ಲ್ಸ,ಛು,ಲು,ಲು,ಲು,ಘು,ಘು,ಖು,ಧು,ಲು),ವಿ,ಭೆ,ಯು,ಫು,ಘು,ಯು,ಲ,ಇ),ಪು,ಛು"
Sample380,ಲೂ,"ಫ್ಯಾ
ಲೂ,ಛಾ,2ೂ,ಪೂ,ಘೂ,ಲೂ,ಫೂ,ಖೂ,ಲೂ,ಫೂ,ಲೂ,ಘೊ,ಯೂ,ತ್ಸ,ಸ),ಲೂ,ಛೂ,ಘೂ,ಥೂ,ಲೊ,ಖೂ,ಶೂ,೨೨0,ವೆ,ಲೂ"
Sample381,ಮು,"ಲ್ಪ,ಮು,ವ್ಸ,ಛ್ಸಿ,ಲ್ಭ,ಲ್ಸ,ವ್ಸ,ಫ್ಸಿ,ಪ್ಪ,|,ಲ್ಸ,ಛು,ಲ್ಬು,ಛ್ಸಿ,ಪ್ಪ,ಲ್ಲ,ಟಿ],ಯಛ್ಫಿ,ತ್ಸು,ಫ್ಫು,2],ಪ್ಭ್ರು,ಮು,ಸ್ಸ,1"
Sample382,ಲ್ಲ,"ಸ್ಸ,ಲೂ,ಲ್‌,ಲ್ಸ್ಚ,ಪ್ಲ,ಲ್ಲೊ,ಫ್ಲೈ,ಲ್ಸ,ಲಾ,ಮಾ,ಲ್ವ,ಬ್‌,ಪ್ರ,ತ್ಸ,ಸ.,ಕ್‌
ಲ್ಫೂ,ಫ್ಸೃ,ಫ್ಸಿ,ಛಾ,ಲ್ಲ,ಸಃ,ಬು,ಪ,ಲ್ಲ,ಇ
ಲ್ಯಾ"
Sample383,ಫಿ,"$ 7
ಲು,ಫಿ,ಫಿ,ವು,ಛಿ,ಥೆ,ಲ,ಪ್ಪ,ಫ್‌,ಥೆ,ಫೆ,ಲ),ಫಿ,ಛೆ,ಫೆ,ಫು,ಫಿ,ತಿ,ಬಿ,ಸ,_),ಲು,ಬಿ,ಪ,ಣೆ"
Sample384,ಫೇ,"ವಿ,ಫೇ,ಬು,ಬೀ,ಫೀ,ಛಲ,ಘೀ,ಫಿ,1%,ಪ,ಕಿ
ಯ,ಈ,ಕಿ
ಲ್ವ?,ಪೀ,ಫೇ,ನೀ,ಛಿ!,ಕು,ಛಿ,ಪ,ಲ,ಫ್‌,ಫೇ,ತೌ
ಲು!,ಕೆ
ಲಿ"
Sample385,ಲ್ಸ,"ಲ್ಪ,ಲ್ಸ,ಫ್ಪು.,ಷ್ಟು,ಲ್ಯ,ಪ್ಛ,ತೆ,ವು,ವ,ವ್ಯ,ಲೆ,ವ್ರ,ಯ್ರು,ಘ್ಫ,ಕ
ಲಲಿ,ಲ್ಸ,ಪ್ರ,2,ಫ್ರೈ,ಫ್ಸೆ,ಪ್ಲೆ,ಲ್ಛ್‌,ಛೆ,ಫೈ,2)"
Sample386,ಘೂ,"ಲೂ,ಮೊ,ಲೂ,ಸ್ಟ್‌,ಪೂ,ಘೂ,ಪ್ಲೆ,ಘೊ,ಲೂ,ಬೂ,ಛಾ,ಘೂ,ಲ್ಲ,ಘೂ,ಘೂ,ಪೂ,ಮೊ,ಥೂ,ಫೊ,ಛೊ,ಫೂ,ಪೂ,ಪೊ,ಠ್ಲೊ,ಪ"
Sample387,ಥೂ?,"ಥೂ?,01,ಕ,0,ಛೊ,ಛಿ,ಛೋ,ಛೂ,ಫೂ/,ಲಿ,ಫೋ,ಘಃ,ಫೂ,ಛೊ,ಫೆ,2,ಛೂ!,ವ,ಥೂ?,ಪ
(,ಫಿ,ಕೋ,ಛೊ),ಥೊ!,ಲ"
Sample388,5,"5,ಫಿಃ,ಫೌ,ಘ್‌”,ಹ
(೨,ಪಿಸ,ಪೌ,ಫ್‌,ಛಿ,ಥ್‌,ಲಸ,ಲ್ಪ,ಫಿ,ಛು,ತೌ,ಛ್ಗಿಕ,ಲ್‌,ಠಾ,ತ,ಸ್‌,ಫ್‌”,ವ,ಘ್‌,ಪ್ಗ್‌,ು್‌"
Sample389,ವಂ,"ಧಿಂ,ಘಂ,ಫಿಂ,0,ಪಾಂ,ವಂ,20,ಥಃ,ಯಂ,ಪಂ,ವಂ,ವೆಂ,ಮಂ,ಫಂ,ಟ್ಫ
0,ಸಿಂ,ಸ),ಕ
ಆರಿ,ಲಂ,ಫಿ
ರಿ,ಕೆ
ಲಲಿ,*ಕ್ಚ್‌ಿ
ಲ೨ಟಿ,ಠಿಂ,ಫಂ,ಲ"
Sample390,ಲಃ,"ಲಃ,ಜ್‌),ಲು?,ಯಃ,ಲಧಿಫಿ
ಅ,ಕೆ
ಲ),ಲಃ,ಘಃ,ಯಕ
೨,ಮಕ,ಇ 89
ಲ) 19,ಫಃ,ಸ
೨೪,ಕ್ಕು,ಘಃ,ಫಃ,ಖಃ,ಛಿಃ,ಕ್ರೌ
ಲ,ಫಿ:,೨),21,|),ರೆ|
ಕ್‌,ಥಃ"
Sample391,ಬ್‌,"ಗ್ರ,ಬ”,ಬೆ,೧ನ,ಬೆ,ಗಂ,ಬ್‌,ಬ,ಚ್‌,ಜ್‌,ಜ್‌,5,0,ಬ್‌,ಬೆ,ಟ್‌,ಖಾ,ಚ್‌,ಬ್‌,1,ಲ್ಪ?,ಟೆ,ಬ್‌,ಚ್‌,ಬ್‌"
Sample392,ಬಿ,"[ಗ,ನಿ,ಟಿ,ಉ,ಗ,ಲ್ಚ್ಪ್ಪ,ಪ,ಓವಿ,ಬಿ,ಬಿ,ಬ,ಬಿ,ಓಟಿ,ಬ,[1],,ಸು,೨,೬,ಬಿ,ಬ,ಟು,ಟಿ,ಬ,,(ವಿ"
Sample393,ಬಾ,"ಬಿ,04,ಬು,ಲಾ,ಚಿಂ,2,ಬೆ,ಬಾ,ಬಿ,ಬಾ,ಬಿಟಿ,ಬಿ,ುವ್ಳಿ,ಖು,ಬಾ,ಲಿ,(ಟಿಎ,ಬು,'ಓು,ಉಾ,2],ಚಟ,ಬಾ,(೨,ವಿ"
Sample394,ಬಿ,"""ದಿ,ಬಿ,ನಿ,ಗ),""ಓಟ,೨,೨,ಸವಿ,ಗ,05,ಬಿ,ಬು,ಓ೨ಿ,ಓ೨ಿ,ಬಿ,ದಿ,ಳ್ಭ,ಓವ,ಓ,ಬಿ,ಬಿ,ದು,ಚಿ,ಓ೨,ಓ್ರಿ"
Sample395,ಬಿ,")೨,(ವೀ,೨(,ರೃ)/,೭೨.,ಬಿ/,""ಬೀ,21,ಓದಿ,[ಇ,2೫,ಬಿ,ಬಿಸ,ಟಿ(,0,ಬಿ,ಟಿ,ಟಿ,ಬಿ,೦೨,೭೨!,ಕ,ಓಿ,(ನಿ,ಪೀ"
Sample396,ಬು,"ಲ,ಗು,ಟು,ಬು,ಒು,ಬು,ಟು,ಓಟ,ಯು,ಮು,ಯಿ,ಬು,ಟಿ,ಬು,ಬು,ು,ಓ),೭೨,ಬು,ಬು,೨,ಖು,ಬು,ಬು,""ಟು"
Sample397,ಬೂ,"ುೂ,ಊೂ,ಟೂ,1.11,ಬೂ,ಟೂ,ಟು,೭೫,ಬೂ,[ಟೊ,ಬೂ,ಲ್ಪ,ಬೂ,ಬೂ,ಟೂ,(,ಬ್ಗ,ಖಾ,ಲೂ,ಬೂ,ಬಿ),ದೂ,ಚೂ,ಬು,ಿ"
Sample398,ಟ್ಫಿ,"ಓಿ,""ಟ್ರ,ಯಮ,ಟ್ಫಿ,ಬ್ಶು,ಬ್ಫ,ಬ್ಭು,ಲ್ಸ,ಗಿ,""ಟಿ,ಬ್ಬ,ವ್ಛಿ,ಲಿ,ಬೃ,ಬ,ಟ್ಫಿ,ಲು,ಬ್ಭಿ,`/,ಟ್ಭಿ,ಬ್ಭ,೭),ಬ್ಬೆ,ಟಿ,)"
Sample399,ಟ್ಟಿ,"ರಾ,ಕು,ಬ್‌,ಖಾ,ಬ,ಟಾ,ಆ],ಬೌ,ಬ್ಬ,ಬ್ಬ.,ಓಾ,ಟ್ಟಿ,ಬ್ಯಾ,ಸಿಕ್‌,ಯ,ಓಂ,ಟ್ಛ,ಬೊ,ಬ್ಬಾ,ಟ್ಟಿ,ಟ್ಳಿ,“ಬ್ರೂ,ಬ್ಭಾ,ಬ್ರೂ,ಟ್ಫಿ"
Sample400,ಬಿ,"ಬಿ,ಬೆ,೭,ನೆ,ಬ,ಾ೨,ಚು,ಬ,ಇ,,ಬಿ,೦],`,ಬಿ,ಟೆ,ಟ್‌,ಬಿ,೫,ಬಿ,ಬೆ,ಬಿ,ಗ್ಫ,`ು,ಟೆ,ಐ"
Sample401,ಬ,"ಸನ,ಬೇ,,೫,(,ನ,|,8ನೇ,ಬ,1,ವೀ,ಬೇ,1,ಬ,ಬ,2,1೫6,ಆ,[|,ಬೆೆ,|,ಗಾ],ಬೆ,2,ಈ"
Sample402,ಬ್ರಿ,"ಸಿ,ಬ್ಛ,2,ಬ್ರ,ಬ.,ಬ್ರಿ,'ನೈೆ,|],ಬ್ಭೆ,ಜಿ,ಬ್ಛಿ,ಬ್ರಿ,ಬ್ಥೆ,ಇ,ಇಸ,ಬ್ಬ,ಬು,ವು,ಇನಿ,ಟ್ರ,ಬ,ಬ್ಬೆ,ಲ,ಬ್ಯಿ.,ಬ್ಚಿ"
Sample403,ಬೂ,"ಸಂ,ಬೂ,೭೫,ಬೂ,ಬೂ,೨,ಬೂ,ಬೂ,ಬೂ,ಚೂ,ಬೂ,ಬೊ,ಬ,""ಮೂ,ಬೊ,ಬೊ,ಬೂ,ಬೂ,""ಟೂ,ಬಣ,0,ಬೂ,ನೊ,ಬೊ,ಬಾ"
Sample404,ಬೂ,"ಬೋ,ಬೂ,ಬೊ,ಟೂ,೭?,ಬೋ,1,ಬಾಃ,ಬ,ಬ,11,ಇ!,ಬ,ಟೂ,ಯ!,ಶಮೋ,ಟೊ,ಬೂ,ಬೂ!,ಬೂ,2೭೫,ಬೋ,ಬೂ,ಬೂ,ಬ್ರೂ"
Sample405,ಬಿ,"೨್‌,ಇತಿ,ಬಿ,೨,(ಗ,ಬ್ರಿ,ಬ್‌,ಬ್‌,ಬ,೭೨,ಚಃ,ವಿ,ಟೆ`,ಬಿಟ,""),ಬಿ,ಬೌ,ಭೆ,2,0,ಬೌ,ವ,0,`೨ಂ,೯೪೨78"
Sample406,ಬಂ,"ಓಂ,(0,ಓರ,೨),(೨೦,)ಂ,ಬಂ,ರಿ,0,20,೨೫೦,ಸಿಂ,ಓಂ,೨,ಬಂ,ಬಂ,(ಓಬಿಂ,ಬಿಂ,೨0೦,(0,0,ಬ0,ಬೆಂ,220,ಬಂ"
Sample407,ಬಿ,"ಓಂ,8,(ಉೌಿ,ಕ್ಕ,ಬ,(ವ.,ಟಿ,೬೦,20,ಐ,ಊಟ,ಬಿ,ಓಕ,ಉ$ಿ,೧೨,810.,ಬಿ,ಬ.,28,ಬಿ.,ದಃ,ಬಿ.,,,""ತಿ,೭"
Sample408,ಭ್‌,"ಭ್‌,೩,ಗ,್‌,ಜೆ,`್‌,``,75,ಬ್‌,ಭೆ,೪,ಗೌ,ಲು,25,ಬ್‌,ಪ್‌,ಛ್‌,ಗ,ಭ್‌,ಭ್‌,ಬ್‌,ಭ್‌,್‌,ಚ,ಓಲೆ"
Sample409,ಭ,"12,ಬೆ,ಬ,ಭ,ಭ,`,ಳು,ಭ,`ಓ,ಗ,[ಆ,ಚ,ಛಭ,``,ಕ,ಗ್ರಾ,ಬ,|,ಭ,ಭ,ು,ಭಿ,ನ,ಛ,ಭೆ"
Sample410,ಭಾ,"ಬಾ,ಭಾ,2,ಓಟ್ಪೆ,[ಜು,ಓಕ,೨),ಓಿ;,ಟೌ,ಛಾ,`ನ,ಭು,'ಒ೨0,ಛೆ,ಭಾ,ಭಿ,(ಛೆತಿ,ಲ್ಲೆ,!),6,3,ಭಾ,(೨4,ಖು,(೨20"
Sample411,ಛಿ,"ಬಿ,ಗ್ಮ್ಸಿ,ಗ,ಲ,ು,ಕ,ರಿ,ಟಿ,ಛಿ,[ಕ,ಇ,ಬಿ,|,೪,ಓ೨,ು,ಛಿ,ಲು,ವಿ,ದ್ರ),""ಓವಿ,ಛಿ,ಗು,ಓವಿ,ಓಿ3"
Sample412,ಬೀ,"ಗ್ರ,ಬೀ,ಗ್ಗ)!,ಗ,ಡೀ,(೨,(ಿ,23೨1,ದಿ,೨,""೨,ಲ್ಲ,ಬೀ,ಸ,1,೨,ಬೀ,|,ಬ,೩,ಲ್ಫ್ರಾಃ,೭೫1,(ತಿ,ವ!,""ವ"
Sample413,ಭು,"ಭು,ಬಿ,ಸು,ಸ್ರಿ,ಇದು,ಭು,'ು,ಭು,ಭು,೫,ಭು,ಬು,ಭು,ಬು,ಮು,7,ಜು,ಭ್‌,ಬು,ಭು,ಭು,ಬು,೧),ಬ,ಬು"
Sample414,ಭೂ,"ಯೂ,ಳ್ದಾ,ಬೂ,ಮೂ,ಭಾ,""ಇ,.!,ಭೂ,ಭೂ,ಭೂ,ಬೂ,ಭೂ,ಟೂ,ಬೂ,ನೂ,ನೂ,ಭೂ,ಛೂ,ಭೂ,೨20,೭),ಭೂ,ಬೂ,1],ಭೂ"
Sample415,ನೃ,"ಬ್ಬೆ,2],ಬ್ಸ,ಭ್ಭಿ,ಗೃ,ನೃ,ಭ್ರ,ಭ್ಭ,ಭೃ,ಟು,೧ನೆ,ಭ್ರ,ಬ್ಬ,ನೃ,ಭೃ,ಭೈ,ಬ್ಬ,ಟ್ಟಿ,`ನ,ಬ್ಶಿ,ಭಿ,ಭ್ಸಿ,್ಫೃ,ಭ್ಸ,ಜು"
Sample416,ಬ್ಲಾ,"ಲ್‌,ಶ್ರಿ,ಸೂ,ಭ್ಸಾ,ಬಾ,ಬ್ಲಾ,ಬ್‌,ನ್ದ,ಬ್ಲಾ,""ಬ್‌,ಭೆ,ಬ್ಗ,ಭ್ಹ,ಗೆ,ಗ,?,ಬ್ಲ,ಭ್ಸೊ,ಛೃ.,ಬ್ಬ,ಭೂ,ಇನ್ಸಾ,ಭೂ,ನ್ಯ,ಸ್ಸ"
Sample417,ಭೆ,"ಭೆ,2,೫,ಛೆ,ನ್‌,ಭ,ಭೆ,),""ಇ,ಜಭ,ಗೆ,ಭಿ,ಗೆ,ಬೆ,ಭಿ,ಸ,ಟಿ,5,ಭ,ಭ್ರ,ಜ್‌,2,ಬೆ,ವಿ,ಟಿ"
Sample418,2,"೩,ಜ್‌,ಭೀ,ಬ,ಇ],ತ್ನ,2,ಇನಿ,೯,ುೇ,ಸ,ಭಿ!,್ಲಿ,ಜೇ,ಭ(,ಇ,ಬೆ!,ಭೇ,೨,ಬಿ”,ಲ್ವ!,ನೆ,ಗು,1,2"
Sample419,ಬ,"ಬ್ಯ,ಬ,ಹಿ],ಬ,ಭ್ಲ್ಯ,ಬು,ಬ,ಬ್ಕ,ಸಾ,ಭಿ,ಶಿ,ಟಿ,ಭ್ಯ,ಸಾ,ಭೈ,ಬ್ರ,ಬ್ತು,ಭ್ರ,ಬು,ಟ್ಟೆ,ಬ್ಸ,ಭ್ಛ,ಬೆ,/,ಭ್ರ"
Sample420,ಭೂ,"ಭೂ,ಮೂ,ಜೂ,ಭೊ,ಭೊ,ಭೂ,ಭೂ,೭,ಛೊ,ಭೂ,ಬೂ,ಯಾ,ಭೂ,ೂ,""ನ,ಭೂ,ಬೂ,೭,ವೂ,ಭೊ,ೂ,ಚು,ಭಾ,ನೂ,ಜೂ"
Sample421,ಬ,"ಭೆ,ಬ,ಸಿ,ಭೂ,50,ಭೂ,ಭೋ,ಇನೂ,0೫,ಬ್‌,ಭು,ಭೊ,ಬ,ಛಂ,ಭಣ,ಜೊ,ಗ,ಊ,ಚ,ಬ,ಗವಿ,ಭ1,ಬೂ,9ರೋಾೀ,ಭೂ"
Sample422,ಸ,"೫?,ಸ,೨,೪],ಗಿ,ಭಃ,ಶ್‌,ಸ,ಬ್‌,ಲು”,ಬಾ,ಛ್‌"",ಛೌ,``,6,ಭೆ,ಭ್‌,3,ಶಿ,ಚೌ,೨),ಚಾ,1,ಭ್‌,೬೨3"
Sample423,ಭಂ,"ಓ,ಇ,ಭಂ,ಭಂ,7೨9,ಇನಂ,೭1,20,ಚಂ,ವಂ,ಭಂ,ಭಂ,ಜಂ,ಭೂ,ಳಂ,ಬಂ,""ನಂ,೫,ಇಂ,ಬಿಂ,ಂ,ಭು,೧5ಂ,9೨0,ಭಂ"
Sample424,ಭಃ,"ಸ,2;,221,ಭೆ;,ಗಾ]:,ಕ್‌,ಭಃ,ಇನ,ಬಃ,ಗ,ಬಿ,ಭಿಃ,೩೫,1,`,ಲ],ಭಃ,ಬ,ಗ್ಶ,ಬಿ,ಲ,3,[)॥$,ಭಃ,ಭ॥"
Sample425,ಮು,"ಮ,ಮು,ಮ,ಇ,ಮು,ಮು,ಮ್‌,ಯು,ಮು,ತ್ರಾ,ವ್‌,ಶಾ,ಮು,ಮು,೭,ಯ,ಮು,ಯ,ಯ,ವೆ,ಮು,ಮ್‌,ಯ,ಮಿ,ಯ"
Sample426,ಮು,"ಯ,ಯ,ಲು,ಯಿ,ಮು,“ು),ಮು,ಮು,ಯಃ,ಯು,ಮಿ,ದಮ,ಮು,ಮ,ಮಯ,ಮು,ಯು,ಮ,ಮು,ಮ,ಮು,ಮಯ,ಮಿ,ಮ,ಯ"
Sample427,ಮಾ,"ಮಾ,ಲು,ಉ,ಯಾ,ಮಾ,ಾ,ಮಯಾ,ಮಾ,ವಂ,1,ಮಾ,ಮಾ,ವಾ,ಮೂ,ಮಾ,ದಾ,ಮಯಾ,ವು,ಯಾ,ಲಸ,ಮಾ,ಲು,ಘಾ,ಮೂ,ಹಾ"
Sample428,ಮಿ,"ಲು,ಲು,ಮಿ,ಯಿ,ಎ,ಮಿ,ಮಿ,೪,ಎಬಿ,೨),ಲ,ಮಿ,ಮಿ,ಯಿ,ಲಖಿ,(ಖಿ,ಶಾ,ಲು,ಮಿ,ಲು,ವು,ಲ,ಆ),ನಾ,೨"
Sample429,ಲು,"ಮಿ],ಲೀ,ಲು,ಲಲ,ಮೀ,ವೀ,ಮಿ,ಮಿ,(,ಮಿ,ಆ೨(,ರ,ಲು,ಲ!,ಮಿ4,ಮಿ?,ಇ,ತ್ರಿ,ರು,ಲ!,ಮಿ?,ಮಿ(,ಲು,ಆಖ?,ಮಿ."
Sample430,ಮು,"ಬ),ಮು,ಮು,ಮು,ಮು,ಮು,ಮು,ಯು,ಮು,ಮು,ಮು,ಯು,ಯು,ಮು,ವು,ಮಖ,ಮು,ಮು,ಮು,ಮು,ಮು,ಯು,ಮು,ಯು,ಮು"
Sample431,ಮೂ,"ಮೂ,ದೂ,ಮೂ,ಮೂ,ಯೂ,ಮೂ,ಮೂ,ಮೂ,ಮೂ,ಮೂ,ಮೂ,ಯುೂ,ಮೂ,ಮೂ,ಆ೫%/,ಮೂ,ಮೂ,ಮೂ,ಮೂ,ಮೂ,ಮೂ,ಮೂ,ಕ,ವಮ,ಯಿ"
Sample432,ಮ್ಳ,"ಮೈ),ಮ್ಭಿ,ತಾ,ವ್ಫ,ಮ್ಭ,ಮು,ಮ್ಯ,ಯಿ,ಮ್ಭಿ,ಮ್ಶಿ,ಮ್ಳು,ಖು,ಷ್ಳಃ,ಮ್ಟಿ,ಯ್ಭ,ಯ್ರು,ಮ್ಳ,ಮೆ,ಮ್ಳಿ,ಮೃ,ಯ್ಳ,ಮ್ಳ,ಮ್ಳ,ಮ್ಭ,ಲಖಿ"
Sample433,ಮ್‌,"ಮ್‌,ಯ್ಟು್‌,ಮ್ಚಿ,ಮು,ಮ್ಳ,ಲು),ಮಃ,ಮ್ಳಃ,ಮ್ಫಿ,ಯ್ಸ,ಮಿ,ಲ್ಯ,ಮ್ಚ್ಯ,ದು,ಮ್ಭ,ಮ್ಹುಃ,ಲ.,ಯು,ಮ್ರ,ಮ್ಚು್ರಃ,ದ,ಮ್ಲ,ಯ್ಫೂ,ಮ್ಜ್ದ್ಲ,ಮೂ"
Sample434,ಮಿ,"ಮಿ,51,ಮು,ಮೆ,ಮ,ವು,ಮ,ಯಿ,ಮ,ಮಿ,ಮ,ತಾ,ಮೆ,ಮೆ,ಮ,ಮಿ,ಸ,ಮಿ,ಮಿ,ಮಿ,ಮ,ಮ,ಉೌ,ಮೆ,ಮಿ"
Sample435,ಮೇ,"ಯಿ?,ಮ್‌,ಮೇ,ಯೆ,ಮಃ,ಯ],ತ್‌,೮,ಮ,ಲೆ?,ಮೆ,ಮಃ,ನೀ,ಮೀ,ಯ,ಯೇ,ಯು"",ಮಿ!,ಮೀ,ಯು!,ಈ,ಮೇ,ಮೌ,ಮೇ,ವ"
Sample436,ಮ್ಳ,"ಯ್ವ,ಯ್ರು,ಮ್ಚ,ಕಾ,ಮ್ಳ,ಮ್ಳ,ವು,ಟ್ಭು,ಯ್ಕೌ.,ಮ್ಬ,ಮಿ,ಮ್ಟ್ರ,ಮ),ಯಿ,ಲು,ಮ್ಳ.,ಮ್ಮ,ಮ್ಳ,ಯು,ಮ್ಳ,ಮ್ಳ,ಮ್ಭ,ಮ್ದ,ಮ್ಚಿ,ಯ್ಚ"
Sample437,ಮೂ,"ಮೂ,ಯೂ,ಮೂ,ಮೂ,ಮೂ,ಮೂ,ಮಯೂ,ಮೂ,ಮೊ,ಯೂ,ಮೊ,ಮೂ,ಲೂ,ಯೂ,ಲು,ಮೂ,ಮೂ,ಮೂ,ಮೂ,ಮೂ,ಮೂ,0,ಯೂ,ಯೂ,ವಿ"
Sample438,ಮ,"ಮೋ,ಮ,ಮ,ಹ?,ಮೊ,ಮೋ,ಮ,ಎೂ/,ಮೂಃ,ರೋ,ಮೂ,ಹ,ಮೊ/,ದೋ,ಖು.,ಮೂ,ಮೊ?,ಮೂ!,ಛೂ!,ಈ?,ಯೂ,ತಾ,ಯೂ,ಮೊ/,ವ"
Sample439,ಮ್‌,"ಛೆತಕಿ,ಮ್‌,ಮಿಟಿ,ಯಿ,ವೆ,ಮ,ಮ್‌,ತ,ಮುಕಿ,ಮಾ,ವೌ,ವಕ,ವ,ರೆ,ವೌ,ವತ,್ಲು್‌,ವ್‌,2),೪೨೫,ವ್‌,ಮ್‌,ಮ್‌್‌,ಮೌ,ಮೌ"
Sample440,ಮಂ,"ಯು,೦ಬಿ,ಮರಿ,ವ.ಂ,ಮಂ,ಮುಂ,ಮರಿ,ಯಂ,ಯಂ,ದುಂ,ಮೂ,ಮುಂ,ಯ?),ಯಂ,ಯುಂ,ಮಂ,ಯುಂ,ಮಂ,ಮುಂ,ಮುಂ,ಮಂ,ಮುರಿ,ಮಿರ,ಮಂ,ಎಂ"
Sample441,ಮಃ,"ಮುಸಿ,ಮಃ,್‌,ಮ,ಮಃ,ಮೆ;,ಮಿ,ಮ$,ಮಃ,ಮಃ,ಉಯಿೌಿ,ಮಿಃ,ಮು:,ಯು,ಯಃ,ಮಃ,ಮಃ,ಮಿ:,ಮುಃ,ಯ್‌,ಮ:,ಯಃ,ತ,ಮಃ,ಮಃ"
Sample442,ಯ್‌,"ಯಿ,ಯ),ಯ್‌,ಯು,ಯ್ರ್‌,ಯ್‌,ಯ),ಯ,ಯು,ಟ್‌,ಯ್‌,ಯ,ಯು,ಯ್‌,ಯ್‌,ಯ,ಯ,ಯೆ,ಯೆ,ಯೆ,ಯು,ಯೆ,ಯ್‌,9),ಯ್‌"
Sample443,ಯ,"92),ಯ,ಯ,ಯ,ಯು,ಯ,ಯ,ಯ,ಯ,ಯ,ಯಿ,ಯು,ಯ,ಯ/,ಯ,ಯ,ಯು,ಯ,ಯ,ಯ,ಮು,ಯೆ,ಮು,ಯ,ಯ"
Sample444,ಯಾ,"ಯ,ವಾ,ಯೂ,ಯಾ,ಯಾ,ಯ,ಉತಾ,8೫),ಉಾ,ಯ್‌,ಯಾ,ಯಾ,ಯಾ,ಯೌ,ಯಾ,ಯಾ,ಯಾ,ಯಾ,೦೨5),ಯಂ,ಯು,ಯಾ,ಯೂ,ಯಾ,ಜು)"
Sample445,ಯು,"ಯು,೦ಖ,ಯು,ಲಿ,ಯು,ಲಖಿ,ಯು,ಯಿ,ಯಿ,ಯ,ಯು,ಯಿ,ಯು,ಯು,(ಸು),ಯಿ,`ುು,ಯು,ಲು,೦೨ಾ,ಯಿ,ಯ,ಯಿ,ಉ,ಯು"
Sample446,ಯಿ,"ಯೋ,೧!,ಯಿ,1,ಮಿ),ತ,ಯೀ,ಯ,ಲಿ.,ಯಿ,(1,೦೨)?,ಯ,ಯು!,00],ಯ್‌,೦,ಲಿ,ಯಿ(,ಯಿ!,ಯಿ,ಯಿ,೨,ಓ(!,ಲೀ"
Sample447,ಯು,"ಯು,ಯು,ಯು,ಮು,ಯು,ಯಟ,ಯು,ಯು,ಯು,ಯು,ಯು,ಎತು,ಯ),ಯು,ಯು,ಯು,ಯು,ಯು,೦ರು,ಯು,ಯು,ಯು,ಯು,ಯು,ಯು"
Sample448,ಯೂ,"ಯೂ,ಯು.),ಯೂ,೦ತೂ,ಟಾ,ಯೂ,ಯೂ,ಯೂ,ಯೂ,ಯೂ,ಯೂ,ಯೂ,ಯೂ,ಯೂ,ಯೂ,ಯೂ,ಯೂ,ಯೂ,0,೦ಿತೂ,ಯ,ಯೂ,ಯೂ,ಯೂ,;ೂ"
Sample449,ಯ್ಭ,"ಯ್ಳು,ಓಟ,ಯ್ರ,ಯ್ಯ,ಯ್ಳ,ಯ್ಭ,ಯ್ಭು,ಯ್ಭ,ಯ್ಯ),ಯ್ಧು,ಯ್ಭ,ಯೃ,ಯ್ಸ,ಯ್ಭ,೦ನ್ಭು,ಯ್ಟು,ಯಿ,ಯ್ಭ್ರ,ಯ್ಗೆ,ಯ್ಬ,ಯೃ,ಯ್ಭ,ಯ್ರು,ಯ್ಸ,ಯ್ಚ್ರ"
Sample450,ಯಾ,"ಯಾ,ಯೂ,ಯ್ದ,ಯ್‌,ಬ್ಟಿ.,ಯಃ,ಯ್ಯೂ,ಯ್ಭ,ಯಾ,ಯ್ರು,ಯ್ಬು,ಯ್ಚ-,ಯ್ಳ,ಯ್ವ,ಯ್ಸ,ಯ್ಚಾ,ಯ,ಯಃ,ಯ್ಧ್ಗ,ದೂ,ಯ್ಫಃ,ಯೂ,ಯ್ಯ,ಹಾ,ಯ್ಯ"
Sample451,ಯ,"2),ಯ,ಯೆ,ಯ,ಯ,ಯೆ,ಯೆ,ಯ,ಮಿ,ಯಿ,ಯೆ,ಯ,ಯೆ,ಯ,೦ರ,ಯ,ಯು,ಯ,ಯ,ಯ,ಯೆ,ಯ,ಯಿ,ಯ,ಯ"
Sample452,ಯೇ,"ಯೇ,ಯೆ?,ಯೇ,ಯೇ,ಯೇ,ಯೇ,ಯ?,ಟು!,ಯೀ,ಯೀ,ಯಿ,ಯ?,ಯೆ],ಯೆ,ಯ],ಯೇ,ಯು!,ಯ(,ಯೆಃ,ಯ,ಯ್‌,ಯಿ,ಯೇ,ಯೇ,ಯು"
Sample453,ಯ್ಯ,"ಯ್ಭು.,೦ಯೆ.,ಯ್ಳಿ,ಖ್ಸಿ,ಯೃ,ಯ್ಯ,ಯ್ಯ,ಯೈ,ಯ್ಳ,ಯ್ಪು,ಲ್ಸ,ಯ್ಸು,ಯ್ರು.,ಯ್ಚೆ,ಲ್ಯ,ಯ್ಯ,ಯು,ಎ],ಯೈ,ಯ್ಳೈ,ಬ್ಬ,ಯ್ಯ,ಯೆ,ಲ್ಭ,ಸ್ರ"
Sample454,ಯೂ,"ಯೂ,ಯು,ಯ),ಬ),ಯೂ,ಯೂ,ಯಿ,ಯೂ,ಯಣ,ೂ,ಯೂ,ಯೊ,ಮಾ,ಯೂ,ಯೂ,ಯ,ಯೂ,ಯೂ,ಯೊ,ಯೂ,ಯೊ,ಯೊ,ಯೂ,ಯೂ,ಯೊ"
Sample455,ಯೂ,"11,ಯೂ,ಯಾ,ಯೊ,ಯಃ,ಯೂ,ಯೊ!,ಯೊಃ,ಯೋ,ಯೂ,ಯ,ಯೊ!,ಬೂ,ಯೂ,ಯೂ/,ಯೂ!,ಯೋ,ಯೋ,ಯೂ/,ಯೂ(,ಯೋ,ಯೊ,ಯೂ,ಯೂ,ಯೆ"
Sample456,ಯ,"೦ನೆಕಿ,ಯ,ಯ್‌"",ಯ್‌,ಯಿ.,ಛೆ;,ಯ್‌,ಯೌ,ಯ"",ಯ್‌,ಯ2'`,ಬೆಕ್‌,ಯಕ,ಯೌ,ಯ,ಯೌ,ಯೆ್‌,ಬ್‌,ಯ,ಯ್‌,ಯ',ಯ,ಯೆ,ಓಟ,ಮ್‌"
Sample457,ಯಂ,"ಯಾ,ಯು,ಯಂ,ಲಂ,ಯಂ,ಯೂ,ಯಂ,`ುುಂ,ಯಂ,ಯೂ,ಯಕಿ,ಯೂ,ಯಂ,ಯುಂ,ಯಂ,ಯಂ,ಖಂ,ಯಂ,ುುಂ,0,ಯಲೆ ಸ 1 ಯ್‌ ಸ್‌ | ಯಾಲೆ ಯ್‌ 116 | (,ಯುರ,ಯುಂ,ಮಂ,ಯಂ"
Sample458,ಯಃ,"0%,ಯಃ,ಯು,ಯೌ,ಯ$,ಯು,ಯ?,ಯ.,ಯಃ,ದುಃ,9)).-,ಯ:,ಯಕ,ಯಃ,೫:,ಯ:,ಯಕ,ಯ?,ಯ?,ಯಃ,ಯ,೦,ಯಃ,ಮು;,ಯ।|"
Sample459,ರ್‌,"ರ್‌,6,ರ್‌,ರ್‌,ರ್‌,ಟಿ,2,ಶ್‌,ಗ್‌,ರ್‌,ಗ್‌,ಠ್‌,ಗೌ,ರ್‌,ರ್‌,ಈ,ರ್‌,ರ್‌,ಡ್‌,ರೆ,ಗ”,”,ಗ್‌,ರ್‌,ರ್‌"
Sample460,ರ,"ರ,ರ,ಗ,ರ,1,೮,ರ,ಕ,6,6,ರ,ಕ್ರ,ರ,ಗ್ರ,ಕ,ಠ,ರ,ಗ,ಗ,ರ,0,ರೆ,ರ,ರ,1]"
Sample461,00,"00,70,ರಾ,04,೦,ದಿಶಿ,ಗ್‌,ದ,0,9),20,7.),೮0,67.,(3),(ಎ36,ಕಾ,00,ಅ,ರಿಂ,)ು,ವಂ,[6].,ಟಿ,0)"
Sample462,ದಿ,"ಗ,ಏ,ರಿ,(),ಗ್ರ,ದ್ರಿ,(ದಿ,ದಿ,೨,0,ಕೆ,ಗ್ರ,ಅ,ಛಿ,ಕ,ದಿ,ಕ್ರ,ಶಿ,ಲಿ,ಲಿ,ಲಿ,ಪ್ರಿ,1,ದಿ,ಗ"
Sample463,ರಿ,"“1,೧1,ದೀ,ಗ,ಿ(,0,ದ,ರಿ,೨%,ಈ.,ರಿ,೧,61,0],ರ,ರಿ,ತ,0,೦,ೀ,೧,ಠಿ,ಲಿ!,ಗಿ,೦"
Sample464,ರು,"ರ,ಡು,ರು,ಗ್ತ,ಗ್ರ,ರು,ರು,1,ು,ರು,ರು,ಡು,ಗು,ರು,2),ರು,ಕು,ರೆ,ಗು,ಕ,ಗು,ರು,,ಲಿ,ಗ್ರ"
Sample465,ರೂ,"0,ರೂ,ರೂ,ರೂ,ರೂ,ರೂ,ರೂ,ಗ,2),ಗೂ,ರೂ,ರೂ,ರೂ,ಗೂ,ರೂ,ರೂ,ರ,ಲಾ,ಗೂ,7,ರೂ,ರೂ,ರೂ,ರಾ,೬"
Sample466,ರ,"ರ,ರ್ಳ,ದ,ಗ,ಲ್ಭ,ರೃ,ಲ್ಭ,ರ್ಳು,ರೆ,ಗ್ಫ,ಠೃ,ರೈ,ಠ್ಭ,ದೃ,ಗ್ರ,ಗ್ರ,ರೃ,ಛೃ,ಗೃ,ಗ್ಸ್ರ,ದ್ಸೆ,ಠೃ,0),ಗ್ಸ್ರ,ರ"
Sample467,ದ್ರಾ,"ಕ್ಸ,ರ್ರ,ಗ್ರ,ರಾ,ರ್ಕ,ರ,ಗ್ವ-,ರಾ,ರ,ಲಾ,ರ್‌,ದ್ರಾ,ರೂ,ಗ್ದ,ರ್ವ,ರ್ರ,ದ್ರಾ,ಲ್ಪಾ,೨).,ಗ್ಫ,ದ್ರಾ,ಗ,[1],ಠೃ,ಗ್ಧ್ದ"
Sample468,ರ,"ರ್‌,ದ”,ರ,1,ರೆ,ರ”,0,ಗ್ರೆ,ರೆ,ಗಿ,ಗ,6,2),ದಿ,ಗ್ರ,5,ರಿ,ಲೆ,0,ಟ್ಟ,ಗ್‌,ರ,ಡೌ,ಛಿ,ಕೆ"
Sample469,ಗ,"ರೆ,೧,ರ್‌,ಶೆ,ಗ,ಠೇ,ರೇ,ಗ],ಈ,ರ,ರ,ಠ್‌,ದ,0,೧,6],ಗೀ,ದೀ,ಗ,೫೮1,ರ],ರ್‌,೮೮,ಗ,2)"
Sample470,ಗ್ರ,"ಗ್ರ,ಠ್ಚೆ,ದು,ದ್ರ,ಲ್ಭ,ಲ್ಸ,ರ್ಟ,[6],ರೈ,ರ,ಗ್ರ,ಗೈ,ಕ್ರ,ರ್ವ,ರ್ಕ,ಗ್ಯ,ಗ್ಸೆ,ಗಃ,ರ,ಗ,ದ್ಭ,ಗ್ಟ,ಗ್ರ್ಯ,ಗ್ರ,ಳ್ಳ"
Sample471,ರೂ,"ಗೂ,ಖಾ,ಗೊ,ಶಾ,ರ,ಕಾ,ರೂ,ಗೊ,ಯ,ಗೂ,ರೊ,ರೂ,ಕೂ,ರೂ,ಗ್ಗ,ರೊ,ರೂ,ರೂ,ರೂ,ರೂ,ಡೂ,ರೂ,1!,ಲೂ,ರೂ"
Sample472,ರೂ,"ರೊ,ಲೂ,ರೋ,ಗ,ಔಡ,ರೂ,ಡು,ಲೋ,ರ,ಡೋ"",ರೂ/,ದೂ,ರೂ!,ಗೋ,ರೂ,ರೋ,ಕೂ,ಕೊ,ಕೊ?,ಕ),ಗೂ!,ರೂ,ರೂ?,ರೂ,ರೂ!"
Sample473,ರ್‌,"5ೌ,ರ್‌,03,ಕ,ಗ0,8,೫,ಡ್‌,ರ,ಡೌ,ಟು,1"",03,0,ಕ್‌,ದೌ,ರ್‌,ರ್‌,4,0,೮.,ಗ್ರ”,ಗೌ,66,ರ”"
Sample474,ರಂ,"ರಂ,ಗಂ,00,10,ರಂ,ಗೆ0,10,ರಂ,ರು,ರಿಂ,ಲಿಂ,ದಂ,ರಂ,ರಂ,ರಂ,00,0,ಗಂ,ಗಂ,ರರ,ಠಂ,ಲಿಂ,ರಿ0,ಗಂ,ರಂ"
Sample475,ರಃ,"ಗಃ,ರಕ್ತ,ರಃ,ಡ್‌:,ಗಸಿ,ಗಃ,ಗ್‌,ರಃ,ರ:,ಕ,6,ರಃ,ರಃ,ಗ,ರಃ,ಅ;,ರ$,ಗ್ರ,ದಿ,0,ದ,2ಃ,0₹,೦,ಗ:"
Sample476,ಆ,"ಆ,ಯಿ,ಛೆ,ವ್‌,ಆ,ಆ್‌,ಛ5್‌,(5,ಲ್‌,5,೮,್‌,ರೆ,೦ತ್‌,ಆ,ಆಚ,ಛೆ,ಬೆ,6೨"",ಖ್‌,5,ಆ,ಆ,ಲ್‌,65”"
Sample477,ಲಿ,"೨೨),5,6,(ವಿ,ಲಿ,ವಿ,ವಿ,ಲಿ,ಯಿ,ಲು,0,ು,ಅ,ವಿ,9,0,ಖಿ,ಅ,ಅ,ಲಿ,ಜು,ದಿಲಿ,ಕ,ಗಿರಿ,()"
Sample478,ಅ,"ಛಿ,ಉಿ,೨,ಅ,ವಿ,9,ಅ,6,ವ,ಅಂ,ತ್ಯ,ು,೧,ಲಿ,ಅ,ಅಿ,ಲು,ವಿ,೮೪,ಅ,೨,ಲಿ,೨.,ತ,ಲಿ"
Sample479,ಆೆ,"ಆೆ,ಆ,ಆ,ಅ,ಈ,ಮು,ಉ,ಆೆ,ಛೆ,ಛೆ,(5,ಖೆ,ಲೆ,ಟೆ,ಛಿ,ಜೆ,ಛಿ,ನಿ,೧.5,ಆೆ,0,ಲ),ಆ,04,5"
Sample480,ಆ,"ೇ,ಚೇ,ಆ,ಲ,ಛಿ,ಈೆ,ಲೀ,ಯೇ,ಲು,ಛೆ?,ಜೇ,೬,್ಲೇ,೭೨06,ಲಿ!,ಆ,ಯ,ಆೇ,ವಿ,ಬ್‌,ಅ!,65,ಖೆ,ಲಿ,ಆ"
Sample481,ಯು,"ಲು),ಮಿ,ಯು,ಕಟ,ಮಿ,ಯಿ,ಖು,ಲಿ,ಲ.,ಆ,ಕಾ,ಉಂ,ಲು,ಲು,ಜು,ಆತು,ಯು,ಯು,ದು,ಯಿ,ಘೀ,ಯ,ಯ,್ರ,ಯೆ"
Sample482,ಲೂ,"ಮೂ,ಅ,ಲತ,ಯೂ,೮೧0,ಆಟ,ಯು,ಖೂ,ಕಿ,ಅ,ವೂ,ಯ,ವ,ಲೂ,ಛಿ,ಲೂ,ಜಿ,ಕ್‌,/,ುೂ,ಕ,ಲೂ,್ರಊ,ಲು),ಯ"
Sample483,ಲು,"ಲು,ಟ್ಛ,ಲ್ಭ,ಟ್ಛ,ಲು,ಖ್ಬಿ,ಲ್ಭ,ಲು,ಲ್ಭ,ವೈ,ಖಿ,1%,ಸಾ,ಟ್ಛ,ಟ್ಟಿ,(ನ್ಳ,ಟ್ಭು,ವೈ,ಆಂ,ಛು,ಲ),ಬ್ಬ,ಲ್ಫಿ,ಉಖ್ಭಿ,ಛಿ"
Sample484,ಲಾ,"ಲಾ,ಲ್ಪ,ವಿ.,ಯಿ.,ಲ್ಲ,ಜು,ಾ,ಲಃ,ಯ್‌,ವಿ,ವ್ಯಾ,ಮಾ,ಲ್ತ್ತು,ಲಃ,ಲ್ಫೆ,2,ಯೃ,ಟಾ,(ಶಾ,ಕಾ,ಛಿ,ಲ್‌,ಲಾ,ಲ್ಟುಿ,ಖಾ"
Sample485,ಆ,"ಟೆ,ಲಖಿ,ಲ,ಆ,ಆ,ಆ,ಆ,5,ತ,೮,ಬ್ರ,ಲಿ,(ತ್ರ,0,ಲೆ,ವ,5,ಆ,ಬೆ,""0,ಛಿ,ಆ,ಆ,ಛೆ,5"
Sample486,ಆ,"ಆ,ಖೇ,ಖೇ,ಅಗ,ಲ,651,ಅ,ನ!,24,""0,|,ಆ!,ಆ!,ಆೇ,ಲೀ,1,ಆ,೧೨],ಆ,ಈ,ಖೇ,೮೫,ೌ್‌,ಆ,ದಿ!"
Sample487,ಆ,"ಆಈ,ಲೈ,ಆ,ಟೆ,ಪ್ಪ:,ಡ್ಯ,ಲ್ಕ,ದೈ,ಲತ್ರೆ,ಲ್ಸ,ಲ್ಪ,9,ಇಗೆ,(ವ್ರ,ಆ,ಲ್ಸ,ಟ್ಛ,ಯೆ,3,ಯೈ,ಚ್ಟ,ಲ,ಬ್ಬ,ಯೃ,ಲ್ಭ"
Sample488,ಲೂ,"ಲೂ,14,ಶೂ,ಯೂ,ಟೊ,ಆೂ,ಟೂ,650,ಕು,ಲ,ಯೊ,ಆಟೊ,ಮೂ,ಬೊ,ಕಾ,ಯಾ,ಯೌ,ಲೊ,ಆ),ಲೂ,ಲೂ,ಛೂ,ಲೂ,೮೨/,ಲು"
Sample489,ಲ,"ಬೊ!,ನ,ಲೊ,ಯೂ,ಲ,ಆೊ,ಲಿ,!,|,ಯೋ,74,ಇ,ಲ,ಲೂ,ಆಟೊ,ಆ,ಟಃ,ಯೋ,ಯಾ,ಆಟೋ,ಯೂ,0,ಯ್‌,ಜೂ,ಲ"
Sample490,ಆ,"ದು,ಆ್‌,ಟೆ,6,೮,ಛಿ,ಉ,ಯ,ಛೆ,ಕ,6.,ಲ್‌,ಆ”,ತು,6೨9,ಆ,ಆಾ,ಠ್‌,೬31,ಛೆ,ಆ,04,ಆ,ಟ್‌,೮1"
Sample491,ಅಂ,"ಎಂ,ಲು,0%,೮೨0,ಆಂ,ಖ%,ಿಂ,ವಿ೦,ುೃ,ಅಂ,6೨೦,(ಖಂ,ಲಿಂ,ಅಂ,74,0,ಉಂ,ಂ,ು0,ಅಂ,ಲಿಂ,ವಂ,ಂ,ವಿ೦,€ಂಿಂ"
Sample492,ಕ,"ಕ,ವಂ,ಲು,ವಿ,ಕ,ವಿ,ಅ,(ವಿ$,ಖೆ.,ಲ್ಕೆ,ಬಿ.,೦,ಅ:,ಲಕಿ,ಲಂ,``ಕಿ,ಲಿ,ಲ,2,ಆಪಿ,ವಿ.,ಆ.,ಅಃ,ಹಾ,ಲ೨$"
Sample493,ಲ್‌,"07,ಲ್‌,ಲ್‌,ಲ್‌,ಲ್‌,ಲ್‌,ಲ್‌,ಲ್‌,ಲ್‌,ಲ್‌,ಲ್‌,ಲೆ,ಲ್‌,ೌ,0,ಆ,ಲ್‌,ಲ್‌,ರ್‌,ಲ್‌,ಪ್‌,ಲ್‌,ಲ್‌,055,ವ್‌"
Sample494,ಲು,"ಲು,(ಲ),ಲ,(್ರ),ಲ),),ಲ,ಲು,(2),(ು,೨),(೨,ಕ್‌,ಕ್ರೈ,3,,ಲು,),ಲು,ಕ್ರೈ,ಟಿ,ಲ,ಕೂ),ಲ),ಆ,("
Sample495,ಲಾ,"(ಖೆಲಿ,ಲಾ,ಲೆ;,ತು,ಕ,ಲಾ,ಲ,ಲ,ಲಾ,೨),(233,ಕ,ಕಿ,೨,ಲಾ,ಲಿ),ಕ್ರ],(೨0,0,೨,೮7,ಲೂ,ಆ ಾ,(೨33,ಆಅ"
Sample496,೨,"ಲು,೨,ಲಿ,ಲು,(೨,ಲಂ,ಅ,ಲ),ಲಿ,೨,ಕೆ,(೨,ತ್ರೆ,೦೨),ಲ),ಅ,೨,೮),(೨),ಲ,ಲಿ,೮),೨,ಲು,೨"
Sample497,ಲ,"೪,ಲ,೨],ತೆ,೦,(೨(,ಲಿ,7,ಲು,೮),ಕ್ರಿ,(೨),ಲ,.೨/,೮%,೨(,೦)(,ಆ,ಲ,ಲ!,6,ಕ,೨,(೨,6)"
Sample498,ಲು,"ತೆ,ಉು,ಲು,ಟು,(,ಕ,(,ಲು,ಲವ,ಲು,ಲ,೮,ತ್ರೆ,0,(ಟು,ಟಿ,೧),ಈ.),ಒಟ,ತ್‌,ಯು,ಲು,ತೆ,ತ,ಲ"
Sample499,ಲೂ,"ಲೂ,ಲು,ಲ,ಲೂ,೮%ಊ,ಕಿ,2,ಲೂ,ಕೇ,ಓ_/,೪,ಕ,ಕೆ,ಕೆ,ಲು,ಕೆ,ಲೂ,ಲ,ಲಊ,ಲೂ,ಹೀ,ಲೂ,ಲ,ಲ,"
Sample500,ಲ್ಭ,"ಳು,ತೆ,ಲ್ಫಿ,ಛಿ,ಲ,ಕ,ಲ್ಭ,ಲು,ಲೃ,ಲ,ಲ್ಲ,ಲ್ಭ,ಟಿ,ಲು,ಲ್ಭ,ಆ,ಟ್ಟು,ಛೈ,ಛಿ,ಲ್ಫ್ರ,ಲ್ಫು,ಕೆ,|,2),ಲ್ಭ"
Sample501,ಲಾ,"ಲ್ಕ,ಕೂ,ಲಾ,ಛಿ,ಆ,ಕ್‌,ಲ್ಯಾ,ಲ್ಲ,ಆ.,ಕ,(ಕ್ರ,ಉ,ೂಾ,ಟೂ,ಲೂ,ಊಾ,ಟ್ಟ,ಲ್ಫಾ,ಲ್ಸ,ಲ್ಹಾ,ಲ್ವೂ್‌,ಲಾ,(ಪಾ,ಆಂ,ಆ"
Sample502,ಲ,"ಲ,ಲಿ,€7,ಲ್‌,ಛಿ,ಲ,೨,ತಾ,ಲ,ಲ),ಆ,2,೨,ಲ,ರ,೮,ಲ,೮,ಆಂ,ಡೆ,ಲಿ,ಲೆ,೮,ಲ,ಆ"
Sample503,ಲ,"67"",ಈ,ಶ(,ಲ,ಲೇ,೨,ಲೆ,ಲ,ಲ್ಯ,ಆ,ಲ,ರ್ಗ,61,ಲ,|,ಲ,ವೇ,ಲೇ,ಲಿ!,€,074,ಲ?,೨,ಲ,ಲೇ"
Sample504,ಲೃ,"ಲ್ಕ,ಲು,ಲ್ಯ,ಲೃ,ಲ್ಪ,ಲೃ,ಟ್ರ,ಲ,ಲ್ರಃ,ಲು,ಲ್ಬ್ಪ,ಲ್ಲ,ಲ್ವ,ವ್ರ,ಲ್ಛ,ಲ್ಸ,ಲ್ಭ,ಲೃ,ಲ್ವ,ಲ,ಲ್ವ.,ಲ್ವ,ಈ],ಲ್ಕೆ,ಲ್ಯ"
Sample505,ಲೂ,"ಲೂ,ಲೂ,ಲಾ,ಲೂ,೮),ಲ,ಕೇ,ಲೂ,ಲಾ,ಲೂ,ಲೂ,ಲೂ,ಲೂ,ಲೂ,ಲು,ಲೂ,ಲೂ,ಲೂ,ಲೂ,ಲೂ,ಲೂ,೨,ಲೂ,ಲೂ,ಲೂ"
Sample506,ಲೂ,"ಖೋ,ಲೂ,ಲು,ಲೂ!,ಲೂ,ಲೊಂ.,ಲೋ,ಲೂ?,ಲೂ,ಲ,ಲ,ೋ,ಲೂ,ಲೋ,1,ಲೊ,ಲೂ!,ಲೂ|,ಲು,ಲೂ,ಲೋ,ಆ.,ಲೂ,ತ,ಲೂ"
Sample507,ಲೆ,"3,ತ,ಲೆ,ಲ್‌,ಲ"",02.,೦6,೦7.1,ಲ್‌,ತ,ತ,ಲೆ,ಲೆ,ಲೆ,೨1,ಲೆ,ಲ್‌,ಲಿ,ಲ್‌,ಆ3,ತ,ಆ,ಲ್‌,ಲಿ,(3"
Sample508,(0,"(0,0,ಲಂ,ಎಂ,೦,೦,ಆಂ,()0,(ಂ,೦,ಊಂ,ಈ.,ಲಂ,ಎಂ,ಲಂ,ಆಟ,(0,(0೦,(0,೨೦,ಲೂ,೨೦,0,ಛುಂ,ಲಿ"
Sample509,ಕ,"ಕ,೮):,ಕೆ,ತ್ಮೆ,ಅ.,ಲೇ,(೨5,ಕ್‌,ಃ,ಲಂ,ಕೆ,%,ತ್‌,8,ಲ್ಸ,ಲಃ,೨8,ಕ,೨;,ಲಂ,ಕ್ಷ,ಲ,ಲ,ತೆ,ಕ"
Sample510,ಲ್‌,"ಕ್ರ],ಕ್‌,ಛ್ಮ್‌,ಳ್‌,ಳ್‌,ಚ್‌,ಲ್ಡ್‌,ಲ್ಡ್‌,ಲ್‌,ಲ್ಗೆ,ಸ್ರ,ಲ್ವ,ಲ,ಲ್‌,""್‌,ಲ್ದ್‌,ಲ್ಬ್‌,ಲ್ಪ,ಲ್ದ್‌,ಛ್ತ,ಲ್ವ,ಲ್‌,ಳ್‌,ಆ್ವ,ಲ್‌"
Sample511,ಳ್ಳ,"ಆ,ಳ್ಳ,,ಳ್ವ,ಳ್ದ,ಳ್ಟ,ಅ,ಲ,ಚ್ಟ,ನ,ಜು,ಲ್ಪ,೪,ಳ್ಳ,ಛ್ಚ,ಳ,ಚ,ಲ,ಳ್ಳ,ಲ,೪,ಳ್ರ,ಸೆ,ಳ್ಳ,ಳ್ಪ"
Sample512,1,"ಶಾ,ಲ್‌,%,4,ದಿ,1),ಳು,`ಶೆ,ಆಲಾ,ಳಃ,""ಶೆ,ಸಿ,1,ಇ,0,ಆ),ಲ್ಪ,ಲಾ,ಲ),ಜು,ಲೆಂ,,ಆ,1,"
Sample513,,",ಕೆ,,ಳ್ಳ,ಳ,ಇ,ಜ್ರ,ಈ,,ಳೆ,ೆ,ಕ,“ಜು,ಲ,೪),ಶೆ,1,""ಜ್‌,ಆ,ಳ್ವ,ೆ,ಜೆ,ಲ,ೆ,ರ"
Sample514,(,"ಈ!,2,ಗೆ,ಇ,ನ,ಳೆ,ಜ್‌,(,|,ಆಲ,೦],ಪ್ರೀ,(,2,ಜೆ,4],!,ಲ,ಗ್‌,8,೨,(,ಲ,೫?,ರೆ"
Sample515,ಛು,"ಛ್ಪ್ರ,ಲ್ದ,೪೦,ಜ್ರ,ಛ್ಚು,೪,ಛು,ಇ,ಇ,ಛ್ರೃ,ತ್ರೆ,ಲ,ಜೆ,ಲ,೫],ಳ್ಳ,ಸ್ಪ,ಲು,"",ಳು,೦,ಛ,ಲ್ಛ,ಛು,ಳು"
Sample516,ಳೂ,"(,೧0,ಲ,ಕೂ,ಆ,ಲ,ಇ,1,ಲೂ,ಳೂ,ಳೂ,1,೧,ಲೂ,ಲ,ಸಿ,ಖ್ರ,ನೂ,ಳೂ,ಳೂ,ಲ,ಳೂ,ಳ,8ೂಾ,ಛು"
Sample517,ಳ್ಳ,"ಸ,ಲ್ಭ,ಳ್ಳ,ಇಷ,ಛ್ರೃ,ಲ,1,ಳ್ಳ,ಳ್ಳ,ಲ್ಸ,ಳ್ಳ,ಕ್ಲೈ,ಲ್ವ],ತೆ,ಭ್ರ,ಳ್ಳ,ಳ್ಸ್ಯ,1,ಛ್ಪೃ,ಳ್ಳ,ಲ್ಪ,ಳ್ಳ,1],ಲ್ದೃ,ತೆ"
Sample518,ಳ್ಳ,"ಳ್ಥ,ಲ್ವ,ಲ್ವ.,ಳ್ಳ,ಲ್ವ,ಸಾ,ಜಿ,ಛ್ರ್ರೂ,""ಾ,ಗ್ಗ,೪್‌,ಲ್ಪ,,ಲ್ಲ,ಲ,ಲ್ಲ,ಸಾ,ಳಾ,ಹೆ,ಳಾ,ಆ,ಳಾ,ಳ್ಳ,ಳ್ಳ,ಎಕೆ,ಸ್ಞ್ವ"
Sample519,ಳೆ,"ಲ್ಪ,ರ್ಕ”,ಳ್ಳ,ಛ್ಹ',ಛೆ,ಛ್ವ,ಆ,ಳ್ದ,ಳೆ,ಳ್ಫ,ಳೆ,ಳೆ,ಭ್ರ,ಚ್ಟ,೪,ಳ್‌,ಲ್ದ,ಛ್ರ,ನ್‌,ಲ್ರ,ಛ್‌,ಲ್ಪ,ಳೆ,ಲ್‌,ಳ್ಳ"
Sample520,ಲ,"(,8,""ಗೇ,1,೫,,ಳೇ,ಲ್ಯ),ಳ್ಳ,ಛೆ,ಇ,ಲ,ಛ,೪?,ಛೀ,ಳ್ಳ,ಲ್ಲೇ,ಲ್ಲ,ಲ,ಳೇ,ಲ,ಛ್ರೇ,ಲ,೮,ಲ"
Sample521,ಳ್ಳ,"ತೆ,ಚ್ಚ,ಲ್ರ್ಯ,ಸೆ,ಲ,ಇ,ತೆ,1,ಳ್ಟ್ಸ,ಳ್ಳ,ಳ್ಳ,ಲ್ಸ,ಭ್ರ,ಛೃ,ಜ್ಯ,ಭ್ಯ,ಳ್ಳ್ಯ,ತೆ,1,ಛ್ರೃ,ಳ್ಳ,ಳ್ಳ,ಕೆ,ಲ್ಸ,ಎಸ್ಟ"
Sample522,ಳೂ,"ಳೂ,ಳೂ,ಳೂ,ಛ್ಳ್ಳ,ಲೂ,ಕ್ರ),ಲ,ಳೂ,ಳೊ,ೂ,ಳಾ,ಲ್ಭ,ಳೂ,ಛ್ತ,ಸೂ,ಸಾ,ಲ,ಳೂ,ಳೂ,ಜೂ,ಲೂ,ಛೂ,4%,(ೂ,ಛೂ"
Sample523,ಳೂ,"ಲೋ,ಕ,ಳೂ,ನ,ಲ,ಗೆ,ಛೋ,ಲ),ಬೌ,ಳಿ,|,೫%,ಆ,ಲು,ವ್ರ,ಳೆ),ಲೂ?,4,ಳೂ,ಛೂ/,ಲ,ಳೊ,ಳು,2,೪"
Sample524,೪,"೪,ಲ್‌,00,ಟ್ರಿ,ಲ?,6,೪,ಚ್ಚಃ,ಛ್‌,%,ಳ್ಹೌ,ಲ್ರ್‌,ಛ್ರ,ಲೌ,ಲ್ಭ,“ಾ,ಳ್ಳ,ಲಕ,ಳ್ರ್‌,ಲ್ಪ”,೨8,ಣೆ,ಲ್ಯ,ಲ,(10"
Sample525,ಳಂ,"0,ಳಂ,೪,ಆ,ವ್ರ0,ಛಂ,೪,ಳಂ,ಳಂ,ಳಂ,ಳ0,ಳ್ಳ,ಳೆ,0,0,0,೪,೮0,೪10,೪0),ಳು,೪ಂ,1,ಳಂ,ಛ0"
Sample526,ಳ್ಳ,"ಲ,ಳ.,ಲ್ವ,[$,ಳ್ಳ,೪,ಕ್ಕಿ,ಲೇ,ಳ,ಲ],ಛಃ,ಛ್‌,ಭ್ರ,18,ಳ್ಳ,ದ್ರ,ಇ,ಳ£,ರಃ,ಕಃ,ಛಃ,೪2,ಛೆ,ಛ್ರ್ಸ,೫78"
Sample527,5,"ವಿ,2್‌,(5,5್‌,ತೆ,ಬ್‌,೮5,ರಾ,ಆ”,5,(3,ಟ್ದ,ಕ,5,ಲ್‌,3,ಆ,ಲ,5,5,(ವ್‌,೨,5,ವನ,€5:"
Sample528,೧೨,"ದ್ರ,೧೨,(೨),ಉಲ,(ು,೮),(೨,ಉ,೧೨,೨,ದ,೨),(ಪು,(೨,(0,ಕೆ,ಪು,ತ,ಛಲ,೨,ಲು,94,೦,ವಿ,ಟಿ"
Sample529,ಟಾ,"(೨);,೨1,€೨೦,ಲ,ಮ,1,೦),ಲು,೮೨3,(೨;,(ವಿಷ,ಟಾ,ಕ,(೨,,(5,ಟಾ,ಟ್ಮಿ,),(ರಾ,ಟೈ,1“,ಕು,(ಟಿ,0೨1,ಲಿಂ"
Sample530,ಛೆ,"0,ವೆ,ವಿ,ಛೆ,5,ೆ,ಕ,ವ,ಛೆ,ಕೆ,ಂಿ,ವ,ಖಿ,(ಸ,೨,ಛೆ,04,ಛೆ,ದೆ,ಆ,ವಿ,ವಿ,ಯ,ಖೆ,ಟೆ"
Sample531,ಛೇ,"ವೆ”,ಸ್ರ,ಛಿ,5,ಹಿ],(ಸ,ಜೆ,೨.,ಛೇ,ವೇ,ಛೇ,ಣೆ!,ನೀ,24,,ೆ,೨,ದೆ,(೨1,ಛೆ,ಊ(,ಆ,ಖಂ,ವಿ,1,ಟಿ"
Sample532,ಮಿ,"ಲು,ಮು,ಕ,(ಮಿ,ಕಾ,ಮಿ,ಮಿ,94,ಮಿ,ಯಿ,ಕ,ಮಿ,ಯು,ಛು,ಉು,(೨,ಯಿ,ು,ಯಿ,ಯು,ಲ),ಯಿ,ಕು,೨,ಕ"
Sample533,ಮೂ,"ಮೂ,04,ಟೂ,(ಮೂ,ಖಾ,ಕೊ,ಯಿತಿ,ಮೂ,ಯಾ,ಲೂ,6,ಖೂ,ಓ)/),(ಮಿ,ಟೂ,ೂ,ಆಲೂ,ಕ,ವೂ,ಕೆ,ಲೂ,ಗ!,6೨೫),೨),ನೂ"
Sample534,ಲ್ಭ,"ವಿ,ಕ,ಲ್ಭ,ಲಿ,ಲ್ಭ,ಲು,ಕೆ,74,ಟಿ,ಲೃ,ಟ್ಭಿ,ಲ್ಭ,ಲ್ಳಿ,ಲು),6ವ್ಭಿ,ಲ್ಭ,ಪಿ,ಲ್ಭ,ಬಿ,ಯ್ರ್ರ,ಣು,ಲ್ಫಿ,ಪಿ,ಲು,ಟ್ಛ"
Sample535,ಲಾ,"ಲಾ,ಟಾ,ಛಾ,74,ಯಿ,೭).,ಲಾ,ಲ್ಚಾ,ಲು,ಸಾ,ಲ್ಯ,ಟಾ,ಯಾ,ಛಿ,ಲ್ಸ,ಲ್‌,ಲ್ಳಾ,ಧ್ಯ,ಲ,.,ಯ್ವ,ಲು,ಲ್ಲಿ,ಟಿ,ನ)"
Sample536,ಛಿ,"೧೮,ಛಿ,ಕ,ಕ,63"",ಜೆ,94,5ೌ,ಖಿ,ಖಿ,(ರಿ,ಆ,(್‌,ಟೆ,ಕೆ,ಲ,6,ವಿ,ಛಿ,ಲಿ,ಈ,ರಿ,ಛೆ,2),ಲೆ"
Sample537,ಬ್‌,"ಬ್‌,ವೇ,0,(513,ಲ್‌,೨,3,ಶೌ,(ಕೆ!,ರೌ,ದೆ!,ಕಾ,೨1,೦೨3,ಆ,ವೆ,7%,1,ಬಃ,ಕ,1!,ಸ.,ಛೇ,ದಿ!,106"
Sample538,ಬ್ಳೆ,"ಬ್ಳೆ,ಛ್ಚೆ,ಖ್ಚ,ಛ್ರ,ಸ್ರ,ಪ್ರಿ,ಯಿ,ಟೈ,ಲ್ಳ್ಳ,ವ,ಛ್ಳಿ,ಕೈ,74,ಛ್ರೆ,ಟ್ಛ,ಕ್ಲೈ,ಬ್ಶ,ದೈ,ಟ್ಧಿ,ಟ್ಕೆ,ಟ್ವ,ಲ್ನ,ಲ,(ಕೈ,ದ್ಯ"
Sample539,ಲೂ,"ಲ,ಛೂ,ಛೊ,ಲಾ,ವೊ,೫),ಯೊ,ಛೂ,5,ೂ,ಕ,ಛಾ,7,ಲೂ,ಯಾ,ಲಾ,ಲೂ,ನೂ,ಟೂ,(ನ.,ಟೊ,ಲ,ಲೂ,ಯ,ಮಾ"
Sample540,ಲೋ,"ವೋ,ಟಿ,96,ಖೋ,ಟ್ರೂ,1!,ಯೂ,ಲಿ,ಲೋ,ಯೀ,ಲೂ,6೫,ಯಲೆ ಸ 1 ಯ್‌ ಸ್‌ | ಯಾಲೆ ಯ್‌ 116 | (,6!,೫%!,ಲೋ,5,ವೂ,5,ಯ,ನಮ,ಲೂ,ಕ,ಛಿ,ನೊ"
Sample541,ಛೆ,"೮,ಗ್‌,(ತ್‌,ತಿ3,ಛೆ,ಆಃ,ಟ್‌”,ಆ,4,೨"",ತೌ,ವೆ.,ವ್‌,ಛೆ,2,68,ಛ್‌,ಛೆ,(ನೌ,ವೆ,(3,ವಿ,ಆಕ,ಕ್‌,ದ್‌"
Sample542,0,"(ವಿರಿ,೨0,ಲಂ,0,ನಿಂ,6೨೦,೧೨೦,ಕತಿ,ಕೆ,ರಿ,6೨೦,(ವಂ,೨0,0,ನ,ಕೆ,(೨೦,2,೨೦,0,ಗೈರಿ,0,೨೨,(ವಿ೦,(೨೫%"
Sample543,(ವಿ,"೨1,(೨:,0೨%,7,(೨,1,ಟಿ8,(ಿ$,(ನಿ,(ವಿ,(ವಿ,ಊ್‌,ಕೊ,ವಿ.,6೨೦,೨2,(0,(ಃ,ಕ,ಕೆ,9,ಕ,(೨,(೨3,(ವಿ"
Sample544,ವ್‌,"ವ್‌,ವ್‌,ವ,ಜು,ವ್‌,ಮ್‌,ವ,ವ್‌,ದ್‌,5,ಪ್‌,ವ್‌,ಜ್‌,ವ್‌,೮5ೌ,ವ್‌,ದೂ,ವ್‌,ವ,ವ್‌,ವ್‌,ವ್‌,ನೌ,ವ್‌,5್‌"
Sample545,ವ,"ವ,ಎ,ವ,ವ,ವ,ದ,ದ,ವ,ವ,ವ,ವಿ,ವೆ,ವ,ಖು,ವ,0,ವ,ವ,ವ,ವ,ದ್‌,ಯ,ರ,ವ,೭"
Sample546,ಲವಿಕ,"ಲವಿಕ,ಬಿ,ಈಕಿ,ಲ),ಲಿ|$,ಗಾ,ಟಂ,ವಿಕಿ,೬೨೦,ಲ0,ಲಿಲಿ,ಲೆ,ಎ!,ಲಿಂ,ಲುಕಿ,ಉಂ,ಆ೨ಿಲಿ,೦೫,(7,೭0,ಲಿಕಿ,ಲೆ.,ಲಕಿ,ಲ೨6,0"
Sample547,ಲಿ,"೦,ಲು,ಲಿ,ಲಿ,ವಿ,ಲಿ,೨,ಲ,ಲಿ,ಲವ,ಲು,ವ,ವಿ,ಆದಿ,ಲ,ತಾ,ಖಿ,ಲಿ,ಲಿ,ಖಿ,ಬ),ವಿ,ವಿ,ಐ,ಲು"
Sample548,೮೨,"೮೨,1,2,ಎ,ವಿ,ಏ(,ೃಿ],೬೨,೨,ಲಲಿ!,ಲಲಿ!,ವಿ?,ದೀ,ಖು],ಏಿ/,ವೀ.,೫,ಲಿ!,ಆಪಿ(,೪,೮೨,ಲೀ,ವಿ,೨,ಎಸೆ"
Sample549,ವ್ರ,"ವು,ವ್ರ,ವು,ಟ್ರಿ,ವ್ರ,ವ್ರ,ದ್ರ,ವ್ರ,ವು,ವ್ರ,ಶ್ರ,ಲು),ಛು,ಲು,ಲ),ಖು,ವ್ರಿ,ವ್ರ],ಸ್ರಿ,ಛ್ರೆ,ಖ್ರಿ,ವು,ಛ್ರ,ವು,ವ್ರ"
Sample550,ವೂ,"ನೂ,ವೂ,09,ವು,ವೂ,ಲೂ,ವೂ,ಛೂ,ವ್ರ,ವೂ,ಎೂ,ವೂ,ಪ್ರಿಂ,ವೂ,ಲೂ,ವೂ,ವೂ,ಲ,ವೂ,ವೂ,ಛೂ,0,ಲಂ,1,ಛು)"
Sample551,ವೃ,"ಲ,ಾ],ವ್ಭ,ಆ,ಲ್ಪು,ವೃ,ಎ್ಳಿ,ಲ್ಭು,ವೈ,ವ್ಭ,ವ,ಯ್ಭ,2),ಲೃ,ವೃ,ಎ;,ವ್ರ,ಲ್ಭ,ವ್ಳ,ವ್ಫೆ,ದ್ಳ,ಹಾ,ವೃ,ವು,ವ್ಭು"
Sample552,ವಾ,"ವ್ರಿ.,ವ್ರ,ವ್ಸ,ವಾ,ಯ್ವ,ಯಾ,ಲ್ಲೆ,ಲಃ,ವ್ಭ್‌,ವ್ಶ,ವಾ,ವ್ಧ್‌,ಎ,ಕ್ಸು,ಣು.,ಯ್‌,ಲಾ,ಯ್ಯ,ವೃ.,ವೃ,ಯ್ವ,ಎ,ವ್ಳ್ನ,ವ್ಶಾ,ವೃ"
Sample553,ವ,"ನೆ,ಮ,ವಿ,ಎ,ವಿ,ವ,5,ವ,ಛೆ,ವ,ವ,ವ,ವಿ,ವಿ,ವ,ದಿ,ಹಾ,ವೆ,ವಿ,ವ,ವೆ,ಛು,ಲ,ಜೆ,ವೆ"
Sample554,ವೆ,"್‌,ಎ,2,ವೆ,ವೇ,ಲೀ,ವೆ,ಎ1,ವೀ,೬ರೇ.,ಐ,ವ್‌,ವ,ವೇ,ೆ,ವ್‌,ವ,ವೇ,ವಿ,ಮಿ,5,ವೆ,ನೆ,ವ?!,ಣೆ"
Sample555,ಯ್ವ,"ಯ್ವ,ತ್ರಾ,ದೃ,ಧ್ವ,ವ್ಬ್ರ,ಷೆ,ಯ್ಚಿ,ವು,ವ್ಯ,ಲ್ಫು,ಮ್ರ,ವ್ಕ,ಉ,ವ್ರ,ಎಫ,ವೃ,ವಿ,ವೈ,ವ್ಳೆ,ವೃ.,ನೆ,ಟ್ಟೆ,ಕ್ಷ,ಛ್ಳಿ,ಛ್ರ"
Sample556,ವೂ,"ವಾ,ವೂ,ಪ್ರೊ,ಛೊ,ವ,ವೊ,ವೂ,ಭೂ,ಲೂ,0,ವೊ,ವೂ,ಎವ,ಯೂ,ಪ್ರ,ಫ್ಸಣ,ವೂ,ಬ,ವ್ರ,ಲೂ,ವೂ,ಛೂ,ಛೂ,ಲೂ,ಲ"
Sample557,ವೋ,"(ಮೊ?,ರೂ,ಪೂ।,೫,ವ,ವೋ,ವೋ,ಬಿ,ವ,ವೋ,ವಾ,1,ವ್ರ,ವೂ,ವೋ,ಲೂ!,ವೋ,ಛೂ,ಲ,ವೊ,ವೊ,ವಃ,ಲ?,ಖ್ರಃ,ಲೆ"
Sample558,ವ್‌,"ವ್‌,ವ್‌,ವ್‌,ವ,ಆಸಿತ,ೆ,ವೆ,ಎಕ,ಈಕಿ,ವ್‌,ವಟ,ಿೌ,ಛ್‌,ದ್‌,ಜ್ರ,ವ್‌,ವ್‌,ವೆ,ದೆ,ವಿ,ಬಂ,ಗ್ರಾ,ಛಿಟಸಿ,ಮೆ,ತ"
Sample559,ವಂ,"ವಂ,ವಂ,ಛಂ,ವಂ,ನಂ,ವು,ವಂ,ಮಂ,ವಂ,ವಂ,ವಂ,ವಂ,೨0,ವಂ,ನ?,ವಂ,ವಂಿ,ನಂ,ಲವ,ಎಂ,ಉಂ,ಎಂ,ಎಂ,ವಂ,ವಂ"
Sample560,ವಃ,"ಶಾ,ದ:,ವಃ,೦,ಎಃ,ದಃ,ವಃ,ವಃ,ದ;,ವೌ,ಮಿ,ವ$ೌ,$,೨೫,ಲ,ಖಿ:,ವಃ,ವಕ,ಹಾ,ಎ:,ಎ8,ರುಸ,ಎುಿ$,ಏಕಿ,ವ]"
Sample561,ಸ್‌,"ಸ್‌,ಸ್‌,ಳೆ,ಕ್‌,ತ,ನ್ಥ್‌,ಶ್‌,ಕ್ಪ್‌,ಸ್ಟ್‌,ಕ,ಣ್‌,ಳ್‌,ಲ್ಪ,ಯ್ಕ್‌,""್‌,ಕ್‌,ಕ್ಟ,ಲ್‌,೮,ಗ್‌,ಶ್ರ,ನ್ಧ್‌,ಶ್‌,ಕ,ಫ್ಫ್‌"
Sample562,ಕ,"ಕ,ಗ,ಕ,ಾ,ಗು,ಥ್ಪ,ಷ್ಠ,ಶ್ರ,ಇ”,ಆ,ಹ,5,ಶ್ರ,ಡ್ಠ,ಗ್ರ,,8,ಕ,,ಕ,6,ಛ್‌,ಠ್ರ,ಶ್ಠ,ರ"
Sample563,ಶ್ರ,"೦೦,6,84,ಕ್ಸು,ಖು,ಗ;,4,ಶ್ರ,₹8.,೫4,980,ಥಿ,ಗಂ,ಲ್ಭ,ಸಾ,೮ಎ,ಠಿ),ಬ್ರಿ,ನಶಿ,ಶ್ರ,ಖಿ,01,ಉಟ್ಟ,ಇ,8"
Sample564,ಶಿ,"9,ಗು,ಹ್ಳಿ,ಶಿ,],ಷ್ಠ,ಳಿ,ಕ್ಟ,ಶೆ,9,ರ್ಟ,ಶ್ರ,ಗ್ರ,ಶಿ,ಡಿ,ಲ,ಥ್ರ,ಗ,ಶಿ,ಫ್ಫ,ಇ,8,ದಿ,!,ಶಿ"
Sample565,[,"[,ಔ,ಗಿ!,01,ಇ,),ಕ್ರ,ತ,1,ಗ್ಗೀ,ಠೀ,ಲೈ],0,ಲ,॥(,೫,|,ಷ್ಥೀ,ಸ],ಶ್ರೀ,ಸ),ಈ,ಛೇ,ಗೀ,ಕೀ"
Sample566,ಶು,"ಛು,ತ್ಬ,ಸು,ಪ್ರ,ಶು,ತು,್ಪ್ಪ,ಯ್ರು,ಳು,ಶು,ರು,ಸ್ಸ),ತ್ಸ,ಶ್ಪ,ತು,ಶಿ),ಶಿ,ರು,ಯ,ಕೆ,ಶ್ರ,ಖೆ,ಕ್ರ,ಶ್ಬ,ಕು"
Sample567,ಕೂ,"ಗೂ,ಕ್ಬೂ,ಶೂ,ತೂ,ಕ್ರ,ಕೂ,ಶೂ,ದ,೫,ಗ,%,ಕೂ,ಶ್ರ,ಕೂ,ಸು,ಗೂ,ಕೂ,ಕೂ,ಗ,ಇ,ಕ್ಷ,ಊಾ,ರೂ,ಶಾ,ರಾ"
Sample568,ಸ,"ಕ್ರ,ರ್ಬಿ,ಥಿ,ಕ್ರ,ಠ್ಟ್ಟ,ಸ್ಸ,ಶೃ,ಳ್ಳ,ಳ್ಬ,ಕ್ರ್ಸ,ಕ್ಸಿ,ಕ್ಕ,ಗ್ಭ್ರ,ಗ್ಸ್ಟ,ಕ್ಟ,ಕ್ತ,ಗ್ಗ,ಸ,ಲ್‌,ಸ,ಲ್ಭ,ಶ್ಬೃ,ಸ,ಕ್ಸ,ಕು"
Sample569,ಳ್ಳ,"ಗ್ರಾ,ಸ್ಸ್‌,ಗ,ಸ್ಯ,ತೆ,ಳ್‌,ಶ್ಚ,ಶಿ,ಕ್ಚ್ದ್ದ,ಳ್ಳ,ಶಿ,ಕ್ರ,1,ಗಿ,ಕ್ರೀ,ಕ್ಸ್ವ್ಯಾ,ಲಾ,ಸಾ,ಳ್ಳ,ಕ್ಟ,ಠ್ಸ್ಮ,ಳ್ಳ,ಗ್ಸಿ,ಶ್ಯಃ,ಶ್ಫಿ"
Sample570,ಶ್ರ,"ಶ್ರ,ಳಿ,ಶ್ರ,ಕ,(,8,ನ್ಥ,ತ,ಠಃ”,ಶ್ರ,್ಛ,ಲಿ,),ಕ್ರ,ಕ್ಟ,ಣ್ಠ,ವ್ರ,),ಸ],ಕ,ಶ್ರ,ಣೆ,ಸ,ಸ್ಪ,೮"
Sample571,ಶ್ರ,"ಕ್ರ,ಸ,(,ಲು,41,ಫ್ರೇ,ಗ್ಗ,ಶ್ರ,ಲ್ಯ,ು,೮:,ಕೆ,|,ಗ],91,ಗ್ರ!,ಣೆ!,ಗ,2,ಳೇ,ಲ,ಶ್ರ,1,ಶಿ!,ಥೇ."
Sample572,ಸ,"ಗ್ಸ್ಯ,ಗ,್ಛೃ,ಸ,ಶ್ರ,ಶ್ರ್ಸ,ಗ್ಗ,ಲ್ಷ್ವ,ಗ್ಯ,ಕ್ಟ,ಲ್ಸ,ಶ್ಪ,ಶೆ,ಕಿ,ಳ್ಭ,ಗ್ರ,ಳ್ಚೆ,1,ಕ್ಷ,ಲ್ಪ,ಸ,ಳೆ,ಳ್ಳ,ಶ್ಯ,ಕ್ಟ"
Sample573,ಕೊ,"ಛೂ,ಲ್ಸ,ಬ,ಜೂ,ಶೂ,ಣೆ,ಗ,ರೊ,ಲಾ,ಜೂ,ಸೂ,ಜೊ,ಸ,ಶ್ಗೆ,ಕೊ,ರೂ,ಕೂ,ಕ್ಸಿ,ಸೊ,ಶೂ,ಕೊ,ಘೊ,ಕ್ಟ,ಕೊ,ಜೊ"
Sample574,ಲೂ,"ಕೆಸಿ,|,ಲೂ,ಲ,1,ರೂ,ಓ/,ಶ್ರೋ,ಠೂ,ಕು,ಕ,ಕ್ಕೊ,ಗಂ,ಲ್‌,ಲೂ,ಕೋ,171,2.,೪೫,ರ,ಸೋ,ಣೊ,ವೊ,ಹ /,ಶು"
Sample575,3,"ಶ್ರ,4,ಳ್ಛಿ,(ಸೆ,ದ್ರ,ಣ್ಥೆಿ,ಗ,ಕ್‌,೫,3,ಲೌ,ಶ್ಟಿ್‌,9,್‌,ಕ್ಛ್‌,ಥಿ,ಗ್‌,ಶ್ಛ 4,ಶ್‌,3,ಶಿಕ,ತಾ,೮"",ತ್ಲಾ,ಳೆ"
Sample576,0,"ಶು,ವ್ಠ0,ಶ್ರ,0,೪0,ಕ,ಕಂ,ಕ,ಲ,ಗ್ರ,ನೇ,ಶಂ,ಲಂ,ರಿಂ,)ಿಂ,0,1,ಶಂ,50,ಶ್ರ,5),0,ಲ,ಸಂ,ಗ್ರ"
Sample577,ಗಃ,"ಕ್ರಾ,ಸ್ಥ,ಸಃ,ಶಿಃ,ಗಃ,ಶ್ಫ,ಸ್ಥಳ್ಳ,ಛು;,),4.,ಃ,ಇಃ,ಗಃ,ಶ್ರಃ,ಫ್ರೈ,61,ಗ,ಷ್ಠ,ರಃ,ಃ,ಠಿ,ಸ್ಸ್‌,ಗ:,ಗ್ಳಃ,ಶ್ರ"
Sample578,ಷ್‌,"ಡೌ,ಷ್‌,ಷ್‌,ಸ್‌,ಷ್‌,ರ್‌
ಲಸ,ಯ್ತು,ಕ್ರ,ಹ,ಚ್‌
ಲು,ಹ್ಗ,ಷು,ಮ],ಖ್ನ,%ೆ,ಷ,ಕ್‌ೆ
ಲ್ನ,ಷೆ,ಷ,ಜು,ಹ್‌,ಡೆ,ಖ್ಧ,ಖೆ,ಇ
ಮ"
Sample579,ಯ,"ಯ,ತ್ನ,ಲ್ಸ,ಯಿ,ಇ
ಕ,ಷ,ಯ,ಸ್ನ,ಲೆ,ಯ,|,ಷ್ಠ,ಲ್ನ,ಷು,ಜ್ನ,ಲ್ನ,ಮ್ತು,ಪ,ಷ,ಷ,ಯಿ,2,ಪ,ಯೌ,ಷ್ಠ"
Sample580,ಲ),"೮0,ಡ,ಲಾ,ಯೆ,ಲು,ಲಕಿ,ಷು,ಉುು,ಯಿ,ಯಂ,ಉಂ,ಲ್‌,ಆ,ಸಾ,ಲು,ಲ),ಲ್ಲ,ಲ್ಳು,ಲ),ಲ),ಯ,ಲಸ್ಮಿಲಿ,0,ಸ,ಲ"
Sample581,ಲ,"ಲ್ಲ,ಪ್ರಿ,`,ಲು,ಲ,ಯು,ಫ್ಸಿ,೮೫,ಕ,ಉ,ಲ್ಗೆ,ಯೆ,ಯ,ಮ,ನು,ಹಿ,ಹಿ,ದಿ,ಲು,ಲ,ಯ,ಲ,ಸ,ಲ,ಯ"
Sample582,ಯ,"ಮ್ತ,6%,ಷೀ,ಯ,ಯೀ,ಯ,ಲ],ವ,ರ್ನ,ವಿ,4,ಯ,ಷ್ಸೀ,ಯೇ,ಯ,ಯೀ,1,ಯಿ,೮26,ಲ,ಜ್‌,ಲ,ಲ,ಯ,ಯೀ"
Sample583,ಯು,"ಸ್ಸ,ಷ್ಟಿ,ದು,ಲ್ಲ,ಲ್ಸ,ಪು,ಯು,ಮು,ಯು,ಯು,ಲು,ಪು,ಲು,ತು,ಷು,ದ್ನ,ಲ,ಯ,ಯು,ಮು,ಸು,ಲು,ಯು,ಷು,ಮು"
Sample584,ಯೂ,"ಲೊ,ಯೂ,ಹೂ,ಳೆ,ರಾಣ,ಕ್ಗೂ,ಲೂ,ಖೂ,ಷೂ,ಸೂ,ಯೂ,ಷೂ,ಷೂ,ಯ,ಕೂ,ಯೂ,ಲ್ನ,ಮೂ,ಷು,ಷೊ,ಪ,ಯೂ,2.0,ಯ,ಯಾ"
Sample585,ಷ್ಭ,"ಷ್ಭ,ಯ್ಳ,ಲ್ಬು,ಖ್ಸಿ,ದು,ಲ್ಳಿ,ಯ್ಭೈ,ಲ್ಭು,ಸ್ತ,ಬಿ,ಲ,ಮ್ಭ,ಸ್ಸ,ಪ್ಭು,ಸ್ಪೃ,ವೆ
ಎ.ಸಿ,ಷ್ಭು,ಗ,ಷ್ಶ,ದ್ರ
),ಯ,ಲ್ಸ,ಯ್ಸ್ಪ,ಷು,ಹಿ"
Sample586,ಷ್ಟ,"ಯ್ಭೊ,ಪ್ಲ,ಷ್ಟ,ಹ್ವ್ವ,ಷ್ಠ,ಸ್ಟ,ಷ್ಟ,ಪ್ಳೂ,ಹ್ಸ್ಯಿ,ಯ್ಥ,ಛಃ,ಷ್ಟ,ವ್ಯ.,ಕ್ಷ
ಯಾ,ಷ್ಟ,ಕ,ದ್ಯ,ವಿ2,ಖ್ಫೆ,ಯಾ,ವೃ,ಷಾ,ಸ್ತ,ಲ್ಥ್ದೆ,1"
Sample587,ಷ್ಠ,"ಷ್ಠ,ಕೆ
ಯ,ಷ್ಥಾಡಿ
3,ಷ್‌,ಷ್ನ,1,ಟ್ರ,ಯ,ತೆ,ಷೆ,ಸ,ಸ್ಸ,ಕ್ಷಿ
ಲ್ನ,ತ್ದ,ಸ,ಯ್ದ,ಯೆ,ಷ್ಠ,ಲ,ತ್ನ,ಯ,ಷು,ಸ್ನ,ಕು,ವೆ"
Sample588,ಸ್ನ,"5,ಯೀ,ಸ್ನ,ಕೆಸಿ,ಷೀ,ಷಃ,ಸ್ನ್ನ,|
ಲ),ಈ
ಆಖ,ಮ,ಪ!,ದಃ,ಜೀ,ಹ,ಕೇ,ಸ್ನ,ಯ,ಸೇ,ಷೆ,ಷು,ಭಿ
ಊ(,ಹಿ!,ಸ್ನ,ಸ,ಖಿ"
Sample589,ಹಿ,"ಹ್ಮಿ.,ಸ್ತ,ಹಿ,ಶ್ಸು,ಲ್ಫು,ಟ್ರೈ,ಜು,ಹಿ,ವ್ಛಿ,ಕ್ರಿ,ಷ್ಟ,ದ್ಭ,ಸ್ಥ,ಷ್ಕ,ದ್ನ,ಷ್ಸ,ಕ್ಸ,ಖ್ಯ,ಯ್ವ,ಖ್ಛ,ಷ್ಫ,ಲ್ಸ,ಸ್ಸ,ಮ್ರ,2"
Sample590,ಲೂ,"ಹೊ,ಲೂ,ಸೂ,ಮ,ಯೂ,ಲೂ,2,ಹ,ಯೊ,ಲೂ,ಮೂ,ಲೂ,ಬ್ಗ,ಕ,ಷೂ,ಷೂ,ಯೊ,ಯೂ,ಷ್ಗ,ತೂ,ಸೊ,ಯೂ,ಯು,ಪೂ,ಸೂ"
Sample591,ಯೋ,"ಕೆ,ಮೂ,0,ಯ್ಳೋ,ಯೋ,ಯೋ,ಪೂ,ಯೇ,ಹೂ!,ಯೋ,ಷಃ,ಷೋ,ಸ್ತ,ಪ
ಉಂ!,ಯೆ/21,ಷೂ,ಹ),ಷೂ,ಪಿಣೌ,ಯಣ,ಬೋ,ರುಣ,ಷೂ,ಲೊ?,ಸುಂ!"
Sample592,ತ,"ಜಿ,ಪ್ಗ`,ನು,ಷ್ಠ"",ಲು,ಪಿಕ,ಷ್‌,ಷ್ಠ,ಘಿ,ಕು,ಸ.,ಸ್ರ,ಹ್ಗ,ಲಿ,ಹಿ,ತ,ಯಿ,ಷು,ಇಕೆ
ಲ,ತ್ನ,ಜೆ,ತ,ಸ,ಸಃ,ಯಿ"
Sample593,ಯಂ,"ತಂ,ಲ್ಲಿ,ಲಂ,ಮಂ,ಮಂ,ಷಂ,ಕ
ಯು,ರ
ಸಿಂ,ಯಂ,ಸಂ,ಕಂ,ಉಂ,ಯಂ,ಯಂ,ಮ್ನ
ರಿ,ಷಿಂ,ಸಂ,ಕಂ,ಷಂ,್‌್‌
ಲೂಟಿ,ಇಂ,ಳೆ
ಲಂ,ಸಂ,ಸುಂ,.ಂ"
Sample594,ಷಃ,"್ಸ್‌ಂ,ಷಃ,ರ
ಲಂ,ರ್ಮಿಇ
ತಾ,ಹು,ಕ,ಹಿ,ಲ್ಗ$,ವಃ,ಸು,ಷಃ,ಖಃ
ಶಿ,ಷಃ,ಲಿ
ಜ್‌,ಸ್ರ್‌ಃ,ಷುಸಿ,ಕ
ಲ,ಲೈ,ಸ್ನ
ಶಿ,ಹಃ,ಪಃ,ಯ
ನಿ,ಜಿ,ಯಃ,ಯ"
Sample595,ಸ,"ಸ,ಸ್‌,ಸ್‌,ಸ್‌,ಸ,ಸ,ರಾ,ಕ್‌ಂ
ಇ,ರ್‌ಂ
(ಸ್ರ,ಸ,5,7,ನ,5,ಸ,ಸ,ಸ್‌,ಸ್‌,ಸ್‌,ಸ,ಬ,ಶ್‌
೧2,“ರ್ಶ
೧೨,ಸ,ಸ್‌"
Sample596,ಸ,"ಥ್‌
೧೨,ಸಿ,ಸೆ,ಸ್ಪ,ಸ,ಸ್ಪ,ಷ್ಷ,ಸ್ಸ,ಕ್‌
೧೨,ಸು,6ಸ,ನಿ,ಸ,1,ಸ,ವ,ಸ,ಸು,ಸ,ಸಿ,ನಿ,ಸ,ಸಿ,ಸ,ಸ್ನ"
Sample597,4,"ನ॥,ಕು,£ವಿಕಿ,ಸಿ,ಸಿಂ,5,ನ),ನಃ,ಸು,(೨6,9,ದಕ,ಜು,೧,ಣೊ,ಸ,ಈ,4,ಸತಿ,ಣ್‌,ಪಿಂ,4,ಣಿ,ನ್ಕಿ,ಹಿ]"
Sample598,ಸಿ,"ಖಿ,ಸಿ,ವಿ,ನಿ,ಣೆ,ಇ,ರಿ
೧೨,ಸ,೧,ನು,ಬ,ವ.,ಸ್ರಿ,ಪಿ,ಫ್ರಿ,ಲು,ನ,ಣು,ಅ
೧.,ಸಿ,ನ,ಪಿ,ಸಿ,ನ),ಸ"
Sample599,ನೀ,"ನೀ,ಬ್ರಿ
ಇ,ನ,ಗಿ,ನೀ,ಬ,ಣಿ,ವ್ರ,ಸಿ|,ನಿ,ಮಿ,ನ,ಈ
ಇ!,ದೀ,ನಿಸ,ನಿ,(1,ಠೀ,ಸಿ|,ವಿ!,ಲೆ,,ಯ,ಗು,೫"
Sample600,ಸು,"ತು,ಖು,ಯಿ,ಸು,ಸು,ತೆ,ಸ್ಸ,ಸು,ನು,ಮು,ಸು,ಸು,ಸು,ನ,ಯಿ,ಸು,ಸು,ಸು,ಸು,ಸು,ಸು,ಸು,ಸ್ಸ,ಸು,ನು"
Sample601,ಸೂ,"ಕೂ,ಸೂ,ನಾ,ಪೂ,ಸೂ,ಸೂ,ಸು,ತೂ,ಸ,ಸೂ,ಸೂ,ಸಾ,ಸ್ಸ,ಸೂ,ಸೂ,ಯಾ,ನೂ,ಸೂ,ಸೂ,ಸೊ,ಸೊ,ಗಣ,ನೂ,ನೂ,ಸೂ"
Sample602,ಸ್ಸ,"ಸಿ,ಸ್ಸು,ಬ,ಸೃ,ಸಿ,ಸ,ಸ್ಸ,ನು,ಸ್ಸ,ಖ್ಛ್ರಿ,ಸ್ಭ,ಸ್ಟ,ಸ್ಸ,ಸ್ಸ,ನ್ಭೃ,ಸ್ಭು,ಸ್ಭ,ಸ್ಭೃ,ನೃ,ಗೃ,ಸಿ,ಶ್ರಿ,ಸು,ನ್ಸೈ,ಸ್ಬಿ"
Sample603,ಸ್ಟ,"ಸ್ಟ,ಸ್ಸ,ಸ್‌,ಸ್ಟ್ರಾ,ಸ್ರ,ಸ್ರ,ಸ್ಫ್ಗ,ತ
ಇಸಾ,ಹ್ಳಿ
ಕ್ರ),ಸ್ಸ್‌,ಸಾ,ಸ್ಟ,ಸ್ಟಾ,ಸೃ:,ಸಲ್‌,ನಿತ,ಸಾ,ಬ
ರ್‌,ಸ್ಯಾ,ು,ನ್ಯ,ಸ್ಲ್ಣ,ಈ
ಣೆ,ಷಿ,ಸಿ"
Sample604,ಸ,"ಸಿ,ಸ,ಸ್ಸ,ಇ
೦,ಸ,ಸ್‌,ಶೆ.
೧೨,ಸ್‌,ಸಿ,ಪ,ಠೌ
ಛಿ,ಷಿ,ನ,ರ್‌
೧೨,ಪಿ,ಸೆ,ಷ್ಟಿ
ದಿ,ಸ,ಸ
೧೨,ಸ,ಸಿ,ಕ್‌ೆ
ತಾ,ನ್‌,ಸ,ಸು"
Sample605,ಸ,"ಸ್‌,ಪಃ,ಸೀ,ಸ,ಕ್ಸ,ನೇ,ಸೀ,ಸ,೬,ಸ,ಸ್ಪ,ನೌ,ಸ,ಸ,ಸ,ಸ,ರಿ,ನ,ಕ
ಸ,ಷೆ?,ಖೀ,ಗ,ಶೆ,ಸೀ,ಸ]"
Sample606,ಸ್ಫ್ರ,"ಸ್ರಿ,ಸ್ರ,ಸ್ಫ್ರ,ಯು,ತ್ಛ್ರ್‌,ಸ್ಠ್‌,ಸ್ಕಿ.,ಸ್ಭೈ,ಸ್ಟಃ,ಸ್ಪ,ಸ್ಯ,ಸ್ಫ್ರ,ಸ,ಸರ,ಸ್ಸ,೪ನ
ಗಿ,ಸ್ವ,ಸಿ,ಚ
೧-೮,ಸೈ,ನ್ಕ್ವಿ,ಸು,ಸಿ,ಸ್ಫ,ಸ್ಟ"
Sample607,ಸೂ,"ಸಾ,ಸೂ,ನೂ,ನೊ,ಟೂ,ಸೊ,ಸಾ,ಸೂ,ಸಾ,ಸೂ,ಸ್ಪ,ಸೊ,ಕೊ,ಸೊ,ಸೂ,ಸೊ,ವೂ,ಸಾ,ಸೂ,ಸಿ,ನ,ನೂ,ಕ,ವೂ,ಸೂ"
Sample608,ಸೋ,"ಸಿ,ಸೂ,ಸೂ,ಸೀ,ಸೋ,ಸೂ,ಸೂಲ,ಸೋ,ಸಣ,ಸೊ,ನಿ,ಹೋ,ವೂ!,ನೂ1,ಸೋ,ಸ,ಲೇ,ನೋ,ಸೊ?,ಸೋ,ಸೋ,ಕ|,ಹೌ,ನೊ?,ನೋ"
Sample609,ಸ್‌,"ಸ್ಪ,ಸ್ಟ್‌,ಸ್‌,ತೆಂ,ಸಶಿ,ಸ,ಪಾ
೯),ಸ್‌,)*,|!
೧೭,ಔಸಿ,ಸ,ಸ),ಸ್ಟ್‌,ಹಿಂ,ಕಃ,ಸ್‌,ಸ್‌,“ಕಳ
ಇಟಿ,ಸ್ತ,ನಾ
ಎಸ,ನ್ಟ,ಸ್‌,ಷ್‌”,ಸ್ರುರಿ"
Sample610,ಸಂ,"೨ಂ,ಸ,ಷೊ,ಸಂ,ನಿಂ,ಸ್‌ಂ,ಸ0,3),ಸಿಂ,ನು,ಸಂ,ಸ್‌,ನಿರ,ಸ್ಪ
ಲಿ,ಸಿಂ,ಸುಂ,ನಿಂ,ಸೈಛ,ಸ್‌ಂ,ಸ್ರ,ಸಿಂ,ಸ್ಸ್‌ಂ,ಸಂ,ಸಿ09,ಪಂ"
Sample611,ಸಃ,"ಸೆ
೧೨೪9,ಕಂ
೧ತ ೨,ನ್‌,೫,ವಃ,ಸ,ಸಿ|,ಸ್‌,ಇ
ಣು,ಸ್ಸ,ಸ್‌,ಸಿ,ಸಃ,ಸ;,ಸಃ,ಸ್ರ,ಸಃ,ಣಿಃ,ಕ್ಪೆ
ಎಂ,ಪಿಕ,ನಃ,ಸ,ಕ
ಕ,ರ
ನು,ಕ;"
Sample612,ಕ್‌,"ಕು,ಣ್‌,ರ್‌,6,ಕ್‌,ಜ್‌”,ಹ್‌,ರ್‌,ರ್‌,ಯ್‌,ಹ,೦,ಹ,6,ಠೌ,ಯಿ,ಕ್‌,ಈ,ಸಾ,ಕೆ,ಕ್‌,ೆ,೫,ಕ್‌,ಹೆ"
Sample613,ರು,"ತು,ರ,ರು,ಸ್‌,ರು,ಕು,ಕು,ಯ,ಕ,ಹಯ,ಹ,ಕ,6,೦,ಆರ,ಮ್‌,7,ಕ,ಕು,ಗೌ,ಹ,ಯ,ರ,ರು,ಹ"
Sample614,ಉಂ,"ಗಾ,ಈರಿ,2),ಕಾ,ಯ,ಯು,ರಾ,ಲ,ಹುಂ,ಯ್ಯ,೦ಲ॥,094,ಉಃ,ಉಂ,ಕುಕ,೫),ಶಾ,6539,ಜು,ಉಂ,೩,ಉ.,ತಿ,ರುಂ,004"
Sample615,೦೦,"೦೦,ಉ,ಉ,1,ರೆಂ,೫,ಗಂ,ಡಂ,6೦,ರಂ,ರಂ,ಲ,೦,೮೦,೦೦,ರಿಂ,0,ಗಿಂ,2,ದಂ,1,ಹಿ,ಕಿ,೦,00"
Sample616,ಹೀ,"8,ಶಿ,0!,ಹೀ,ಗ,೫0!,0೦6,ಡಿಂ,20(,ಅ!,೫೦4,೭!,ರಿಈ,ರಿ,ಹೀ,ಲಿ೧/,ರಿಂಗ,01,೦೦1,6೦0,೦,ಲು,೧01,್‌,ಶಿಲ|"
Sample617,ಯು,"ಯ,ತು,ಯು,ಯ),ರರು,ಡು,ಹು,ಲರು,ಈ,ಕು,ಕು,ಯು,ಯು,ಯ,೮0,ಡು,ಯ್‌,ಗು,ಕು,ಹು,ರೊ,ಯು,ದ),ತಃ,ಹು"
Sample618,ರೂ,"ಉಊ,ಸೂ,ಹೂ,ಶೂ,ರೂ,ಕೂ,ಕೂ,ಕು,ಬಬ,ಹೂ,೫%,ರೂ,ಯರೂ,ಯೂ,ದು,ಯೂ,ಹಟಾ,ಖೂ,ಹ್ಟೂ,ಊ,ಕೂ,ರೂ,ಗಾ,01,೦"
Sample619,ಲ್ಭ,"ಯೃ,ಪೃ,ಲ್ಭ,ಕ್ಕ,ಕ್ಭು,ಯಿ,ಗೆ,ಹು,ರ್ಳ,ಕ್ಬು,ಡ್ಳೃ,ಠ್ಭ್ಳು,ಉ್ಭ,ಈ್ಭು,ಸ್ಥ,ಠ್ಳು,ಯೈ,ಶು,ಲ್ಭ,ಶು,ಯ್ಬ,ಆದ್ರ,ಠ್ಳ್ರು,ಸ್ಭು,ಲ್ಯ"
Sample620,ಸ್ವ.,"ಸ್ವ.,ಬ,ರಃ,ಖ್ಳ,ಔ್ಯಾ,ರದ,ತಃ,ಹ್ಗ,ಡ್ಸ್ದು,ಹ್ಯಾ,ಕ,ಕ್ರಾ,ತ್ಮಾ,ಶಾ,ಲ,ಹ್ಕ,ಯ್ಯಾ,ಕ್ಟ,ರ್ಚು.,ರ್ಳು,ಹ್ಚ್ಣ,ಉ್ಧ್‌,ರ್‌,್ಚೊ,ಲ್ರ್ವು"
Sample621,ರ್‌,"ಯ,ಬಿ,ಕೆ,ಕ,ರಿ,ಯಿ,ರ್‌,ಔ,ಶ್‌,ಆ,ಹ್‌,ಈ,ರ,ಕು,೫,ಹು,ರ,ಹಾ,0,ಕ್‌ೆ,ಠಾ,ರ್‌,ಯೆ,ಕೌ,ಈಿ"
Sample622,ರಃ,"ರಃ,೦೦೮೮,ಹ!,ಈ?,ಡ್‌!,೨!,ಯ,ಈ,ಕ್‌,ಕೇ,ತ,ಉ1,ಹ್‌,ಕೆ,ಡೀ,ಔ(,ಗ,ಕೀ,೫೦೮೮,ಡು,ಈ!,ಗ?,56,6.,ರೀ"
Sample623,ಕ್ಯೆ,"ರ,ಗ್ರ್‌/,ಖ್ಯ,ಗು,ಗ್ಸೃ,ಹ್ಚ,ರಃ,1,ಯ್ಯ.,ರಿ.,6,ರೈ,ತಂ,ಖ್ಬು,ತು,ಯ್ಯ,ಗೆ,ಕ್ಯೆ,ಹ್ಮ,ಢ್ವು,ಕ್ಯೆ,ತ್ವಾ,ಕ್ಸು,ಸ್ವ,ಯ್ಚ"
Sample624,ಯೂ,"ಡಂ,ಶೂ,ಕೂ,ಯಾ,ಯಾ,ಕುಂ,ತಣ,ಕೂ,ಹೂ,ಕೊ,ಗ,ಯೂ,ಖೂ,ರೊ,ಯೂ,ಯೂ,ಠೊ,ರೂ,6,ಯೂ,70,ಕೂ,ಹೊ,ರೂ,ರೂ"
Sample625,ಹೋ,"61,ರಂ/,ಕ|,ಹೋ,ಕೋ,ಸು,ರಂ,0?,ಯಗ,ಯೂ!,ರೂ,ಯ್‌ ಆಂ್‌ಓ 6 (ಸಲ್‌ ಸ್‌? || ಯೆ ಇ 6 16 16 1 6 “(|,1,ಹೂ!,ಗಾ,0ೂ,ತೂ,ಕೆ.ಸಿ,ಯೂ/,65,ಹೋ,ಹೂ?,ಕೊ,ರ,ಶೂ"
Sample626,ಕ್‌,"ಔ',ರ್‌),ಕ್‌,0,0,ಈ4,ಹ್‌,ಕ್‌,ಕೌ,ರು,ರ್‌,ಕ,4,ಶೌ,ರ್‌,ತುಸ,68,ಹೆ,ಕ್‌,ಕ್‌,ತು,ಸ,ಕ್‌,ಕಾಳೆ,ಕ"
Sample627,ಗಂ,"ಶಿ,ಈಂ,ಗಂ,ಕ,ಕಂ,ಕೂ,೫೦,ಹಂ,ಮಂ,ಹ9,ಹು,ಗಂ,ಹಂ,ಉಂ,ರುಂ,ಗಂ,ರ್‌ಂ,ಲಂ,ರರಂ,ಯ,ರುಂ,ರಾಂ,ಕಂ,ರಿಕ,ಶಾರಿ"
Sample628,ಹಃ,"ಠಂ1ೃ,ಡು,ಕಃ,ರರ$,ಹ:,ಗಃ,ರಾ,ಹಃ,ರ್‌।,ಕಃ,ಡಾ॥,ಈ,ಹಃ,ಹಃ,ಹಃ,ಕಂಸ,ಶು,ರಃ,08,ಯಃ,ಕ್‌:,ಕ,ತಃ,ಈ:,ಗೌಃ"
Sample629,ಕ್ಷ,"ಕ್ವ,ಕ್ರ,ಕ್‌,ತ,ನ,ಕ್ಷ,ಶಿ],ಶ್ತ,ಶ್ಹ್‌,ಕ್ಷ,ೆ,ತ್ಯ,ಸ,ತೆ,ತೆ,ಕ್ತ,ಸ್‌,ಡ್‌,24,ಹ್ಹ್‌,ಕ್ರ,ನ್ದ,ಕ್ಷ,ಶ್ರ,ಸ್ರ"
Sample630,ಕ್ಷ,"ಸ್ಪ,ಗ್ದ,ಬೆ,ತ್ಷ್ಕ,ಕ,ಕ್ಷ,ಶ್ತ,ಕ್ಷ,ಕ,ಕ್ರ,ಕ್ತ,ಕ್ರ,ತ,ತ,ಕ್ಷ,ಕ್ತ,ಕ್ಷ,ಸ
ತಾ |,ತ,04,ಾ,ಕ್ಷ,6,ಷ್ನ್ನ,್ರ"
Sample631,ಕ್ಷ,"೩,ತಾ
ತ್‌,ಕ್ಷ,ಕ್ಟ,ರಾ,ಇತಿ
ಅತಿ,ದ್ಷಕ,ಕ್ಷ,ಸೆ,ಸಿ
ಲೂ,₹6
ಒ್ಳೂ,ಈಾ,ಕ್ರ,ಜ್‌,ರ್ಟ್ಯಾಸ್ರಾ
ಕ್ರ,_,ಯಃ,ದಃ,ಗಃ,ಷ್‌
ಒಟ್ಟ,0%,ಶ್ರಿ,ಕ,ಲಿಂ
ಒರ,ಕಿ"
Sample632,ಪ),"ಪ),ಕ್ರ.,ತ್‌
ತ್‌,ಶ್ರ,ಗ,ಇ
ಇ,ಆ
ಟೂ,ಹ,ಕ್ರ್ನ್ನ,ತ,ಶೆ,06,ರ್ರ,ದ್ದ,ನ,ಕ,ಠ,,5),ಶ್ನೆ,4,ಸ್ರ,ಸ,ದೆ,ಕಿ"
Sample633,|,"|,ಗ,ಜ್‌,ಲ್ಡ,ತೆ,;,ತ,ಕೀ,ರೀ,ತ್ಲ್‌,ಕ್ಷೆ,೬%
ಒ್ಕ,ಶ್ನೆ,|,ನ,ಕ್‌,ದ್ದೆ,ಶ್ರೀ,04,ಶ್ರೀ,ವ
ಒಷ್ಛಿ,ಕ್ಷ,ಕ್ರೀ,ಸ,ಕ್ಷ"
Sample634,ಸ್ರ,"ಶ್ರ
ಲ್ಯಾ,ಕ್ಡ),ಸ್ರ್ಸ,ತ್ಡ,ಡು,ಘು
ಈ,ಸ್ರ,ಬ,ಶ್ರ,04,ಸ್ಟ,ಫ್ರು,ಸ್ಟ,ಕ್ಷ,ಶು,ಶಿ,ಕು,ಡೆ,ವ್ಟ್ವಾ
ಒತ್ತಿ,ಕ್ಟ,ಕು,ಸ್ಜು,ಸೃ,ಕ್ಷ,ಸ್ರ"
Sample635,ಕ್ರ,"ಕ್ರ,ಶೂ),ಸ್ಟಾ,ಕ್ರಾ,ಸಾ,ಷ್ಹೂ,ತ್ಲ,ತ್ತ
ಲ,ಪೊ,ದೂ,ಸ್ನ,ತ್ರ
್‌,ಇರಿ
ಅ..ಸ್ಮಿ,ಷೂ
ಸ,ಸ,ಕ್ತ,ತಾ
ಎ ಿ,4,ಕಾ,ಸ್ಕಾ,ಸ್ರ,ನ್ದ,ಸ್ರ
ಆತ,ಕೂ,ಸೂ"
Sample636,ಕೃ,"ತ್ಲ್‌
ಸಲೆ,ದಂ,ತು,ಗ್ಸ,ಸೃ,ಸ್ರ,ಕ್ಟ,ಸ್ಟ,ಶ್ಸೃ,ಶೃ,ಕ್ರೈ,ಶ್ಟೃ,ಶೆ,ಕೃ,ಕೃ,ಕೃ,ಸ್ಪ,ತ್ಟೃ,ಶ್ರ,ತ್ಸ,ಗ್ಟಿ,ಸ್ಥ,ಸ್ಟ್ಯ,74,ಕ್ರ"
Sample637,ಸ್ಟಾ,"ಶಕ,ಸ್ರ್ಯ,ಸ್ಟಾ,ಕ,ರೈಟ್‌,ಸ್ತ,ಕ್ಯ,ರ್ಶೆ,ಶಾ,ಸ
ಒಟ್ಟ,ಸ್ಪ,ಕ್ಷ
ಭಾ,1,ಟೆ,ತ್ತ್ವ,ಗ್ರ,ಸ್ತ,ಕ್ರಾ,ಸ್ತ,ಸ್ಟಾ,ತ್ತ್ವ,ಫ್ರ್ಟ್‌,ಶ್ರಿ,ಕ್ಷ್ಯ,ಸ್ಟಾ"
Sample638,ತ,"ತ,1],ಸ್ತ,ದ
ಓತಿ,ಕೆ,ತ,ಷೆ,ಕ್ಷ,ಕ್ರ,ಗ್ಪ್ಪ,ಕ,ಪ್ರ,ತ್ಸ್ಯ,ಸ್ರ
ಲ,ಸ್‌,ಸ್ಹ,ಕ್ಷೆ,ಕ್ಷೆ,ತ,ಕ್ಷ,ಹ
ಲೂ,ಕ,24,ಶ್ರ,ಕ"
Sample639,ಕ,"ತ್ಯೇ,ಕಃ,ಕ್ಷೇ,ಕ,ಘ್ರೀ
3,ಘ್‌,ತ್ತ,04,ಶೇ,ಸ್ರ,ತ್ವ,ಕೇ,ಸೀ
ಉ,ಶ್ನೇ,ಕ್ಷ,ತ,ಕ,ತೆ,ಸ,ಶ್ತ,ಸ್ತೇ,ಲೆ,ಕ,ಸ್ಟ!,ಕ್ಷೆ"
Sample640,ತ,"ತ,ಕ್ಷ,ಗ್ರ,ಶ್ಚ,ತ್ಷ,ಸ್ತ,ಕ್ಷ,ತ್ರ,ಕ,ಗೈ,ದ್ತ,ಶ್ತ,ಶ್ರ,ಕ್ರ,ಕ್ಷ,ತ,ಷ್ಟಿ
ಕೈ,ಸ್ನ,ತ್ರ,ಪ,ಕ,ತ,ತೆ,0,ಸ್ಸ"
Sample641,ಸಾ,"ಸಣ
ಕೆ,ಶಾ,ಸಾ,ಕೂ,ನೊ,ಕ್ಷಿ,ಗ್ಪ,ಶ್ರ,ಠ್ರ/,ತ್ರ,74,ಸ್ಯಾ,ಸ್ಟಾ,ಸು,ಕೊ,ಕಾ,ಕ್ಷೆ,ಕೊ,ಸ್ರ,ಶ್ತ,ಕೂ,ಕ್ಷ,ಹೂ,ಸಾ,ಕ್ರೂ"
Sample642,ಕ್ಷೋ,"ಶೂ!,ಸ್ನೋ,ಕ್ಷೋ,|,ಕೋ,ಸೋ,ಸೋ,1,ಕ್ರೋ,ಸಾ,ಕ|,7,ಕೊ,ತಾ,ಹ್ಯೊ,ಕ್ಷೆ,ಶ್ಚ,ಶಾ,ಸ್ಟ,ಕೂ,ಕ್ರ,ತ್ಸ,ಕ್ಷೋ,ಕೂ!,ಸ್ಯಾ"
Sample643,ಕ್ಷ,"ಕ್ಷ,8,ಖ್ಯ,ತಿ,ಪ,ತ,ಕು,ಡಿ
|,ಹ್‌,ವ್‌,ತ್ಸ,ತ್ವ್ಸ,0,ತ,ಕ,೨,ತೇ,ತ್ಡ,ಕ್ರ್ನ,ಗ,ಸಾ,ಕ್ಷ,ಶಚಿ,ತೌ,ಸ್ಹ"
Sample644,ಸಂ,"ಸ್ರ,ನಂ,ಕ್ರಂ,0,ತ್ತಂ,ಸ್ಟ,ತ್ತಂ,ಕ್ಷ,ಷ್ರಂ
ಆತಿ,04,ಶ್ತ,ಸಂ,ಕ್ರ,ತ್ಡ,ನಂ,ಸಂ,ಷ್ದಂ,ಕ್ಷಂ,ಶಂ,೫0,ಕ್ಷಂ,ಸಂ,ಸ,1೦,ಸ್ಟ"
Sample645,ಕಃ,"ತ್ತಃ,ಸ,ಸ್ಟ್‌
ಎಪ್ಯಲಿ,ಕಃ,ಸಃ,ಕ್ಷ:,ಸ
೦,ಕಃ
ಕಿಷ್ಳಿ,ಚ,ಘಃ,ಕಃ,ಷ್ವ್‌
ಎಷ,0 ಸೆ,ಛಿ
ಘಿ
ಒನೆ,ಕ್ತ
ನ್ಮ,ಕ್ಷಃ,34,04,ಸ
ತಾ|,ಗ],ಕ್ಷ,ತಃ
ನ,ಸ್ರ್‌ಿ
ಯಿ,ಔಃ,ಸ್ರ"
Sample646,(೨,"ನಿ,ಫಿ,6),24,(೨,(ವಿ,ಕ,(೨,(ು,6),6೨,0೨,(೨,ಲ,ಓವಿ,ಎ,ಎ,೧೨,0೨,ಟಿ,ು,ಕ,(೨,6೨,(೨"
Sample647,ಲು,"ಗಿ,ಬ,ಣೆ,ಲು,ು,೨,6,ವಿ,0,೨,ಟಿ,04,ಉ,ಛ,ಅ,ಕ,ಲಿ,ಖು,0,ಲು,6,ಲು,ಲು,ಪಿ,೨"
Sample648,೨,"ಛಿ,(),೨,(),(,ಛಿ,೨,೨,(),೦,ಕೆ,6,,ಕ್ರಿ,ಲಿ,೨,ವಿ,(೨),ತೆ,೨,೨,(ಎ,೨,೨,ಎ,(೨"
Sample649,(),"(),೧,೧,(),(),(೨,೧,೧,(),೧,೧,ಗ,(),(),೧,(),(),ಗ,(],(),(),೧,೧,೧,(ಸ"
Sample650,೨,"ಜ್ರ,೧,೨,೨),೨ು,೨),__),೨,೨,_೨),ಪ್ರ,ಲ,_೨ು,೨,೨,೨,೨,೨,_5್ಯ,೨,೨,೨,೨,ಹ,_ು"
Sample651,ಆ,"ವ,01,೦೯,ಲ್ಪ,ಆ,ಲ್ನ,0,ಡೆ,5,ಜ್‌,೦,ಕ,ಲ,ಈ.,ಸ,೯,ಲ್‌,ಆ,ಎ,ಆ,0,ಡಿ.,ಆ,೦,|"
Sample652,1,"ಹಿ,3,|,೩,9,1,೮,ನ,೮,ಳ್ಳ,೮,ಲ,ಳ್ರ,ಳೆ,೨,1,ಕ,ಲ್ಯ,ಆ,[,ಲ್ಪ,ಳ್ಚ,1,ಕ,ಜ್‌"
Sample653,೫,"೫,0,೦ತ್ರ,೦1,ಗ1ೆ,08,೦0,೨4,0%,೫,ಈ,ಖೆ,೦8,ಸ,೦,2.,೦%,91,ಏಿ?,೮,0,,0,೫,9(,ಈ"
Sample654,ಲ,"(,,ಲ,ಆ,ಲ್ಲ,ಓ,ತ್‌,೧,ಹಡ,೬,ಲ,ಅ.,ತೊ,ಓ್ರ,(,ಆ,ಓ,2,೬,ಓಂ,ಓ..,_,ಓ.,(,೬.,ಈ"
Sample655,0,"6.,0,(,೭,ಗ,6,0,ಆ.,ಲ್ಲೆ,(ೆ,0).,ಲಿ,0.,4,,೨.,(,್ರ,(,ಗ್ರ,೭.,|.,0,(1.,ಲ"
Sample656,5,"5,ಕೆ),ಲ),ಅ,ಪ್ರೆ,ಪ,(_,(,ಲ್ರ,(೨),ಆ,ಕ್ರ,5,ತ],(5,5,ಆ,ಆಅ,ಪ್ರ,5,ಅ,ಲು,(ಪೆ.,ಆ,(_"
Sample657,೯,"ಅ್ರ,ಡಾ,೯,(,ರ,೯,€,೯”,ದ್ರಿ,ರ್ಕ,',6,ಡು,೯”,ಲ್ರ,ರ,೮,6,೯,8,೯,ಆ,ಡಾ,೯,೯"
